"file","line","elementType","xName","attribute","value","skipReason"
"src/TrueforceForAll.Plugin/SettingsControl.xaml","64","Setter","OverrideBadge/Setter[6]","Setter:Text","★ car override",""
"src/TrueforceForAll.Plugin/SettingsControl.xaml","93","Setter","NewEffectBadge/Setter[7]","Setter:ToolTip","Added in a recent update. Disappears once you expand the section or change a value.",""
"src/TrueforceForAll.Plugin/SettingsControl.xaml","110","Border","Bd","SnapsToDevicePixels","True","identifier"
"src/TrueforceForAll.Plugin/SettingsControl.xaml","137","Setter","EffectRevertButton/Setter[8]","Setter:ToolTip","Discard unsaved changes (revert to the active preset's saved values).",""
"src/TrueforceForAll.Plugin/SettingsControl.xaml","141","Border","Bd","SnapsToDevicePixels","True","identifier"
"src/TrueforceForAll.Plugin/SettingsControl.xaml","172","Border","Bd","SnapsToDevicePixels","True","identifier"
"src/TrueforceForAll.Plugin/SettingsControl.xaml","224","Border","Bd","SnapsToDevicePixels","True","identifier"
"src/TrueforceForAll.Plugin/SettingsControl.xaml","257","Border","Bd","SnapsToDevicePixels","True","identifier"
"src/TrueforceForAll.Plugin/SettingsControl.xaml","294","Border","Bd","SnapsToDevicePixels","True","identifier"
"src/TrueforceForAll.Plugin/SettingsControl.xaml","333","TextBlock","Txt","Text","{TemplateBinding Content}","binding"
"src/TrueforceForAll.Plugin/SettingsControl.xaml","359","Setter","EffectSaveButton/Setter[8]","Setter:ToolTip","Unsaved changes. Click to save (per-car or to preset).",""
"src/TrueforceForAll.Plugin/SettingsControl.xaml","363","Border","Bd","SnapsToDevicePixels","True","identifier"
"src/TrueforceForAll.Plugin/SettingsControl.xaml","400","Border","Bd","SnapsToDevicePixels","True","identifier"
"src/TrueforceForAll.Plugin/SettingsControl.xaml","446","Border","Bd","SnapsToDevicePixels","True","identifier"
"src/TrueforceForAll.Plugin/SettingsControl.xaml","482","Border","Bd","SnapsToDevicePixels","True","identifier"
"src/TrueforceForAll.Plugin/SettingsControl.xaml","484","TextBlock","Bd/StackPanel[1]/TextBlock[1]","Text","","glyph"
"src/TrueforceForAll.Plugin/SettingsControl.xaml","521","Border","Bd","SnapsToDevicePixels","True","identifier"
"src/TrueforceForAll.Plugin/SettingsControl.xaml","523","TextBlock","Bd/StackPanel[1]/TextBlock[1]","Text","","glyph"
"src/TrueforceForAll.Plugin/SettingsControl.xaml","557","Border","Bd","SnapsToDevicePixels","True","identifier"
"src/TrueforceForAll.Plugin/SettingsControl.xaml","588","Border","bd","SnapsToDevicePixels","True","identifier"
"src/TrueforceForAll.Plugin/SettingsControl.xaml","628","Border","Bd","SnapsToDevicePixels","True","identifier"
"src/TrueforceForAll.Plugin/SettingsControl.xaml","656","TextBlock","UserControl[1]/Grid[1]/StackPanel[1]/StackPanel[1]/TextBlock[1]","Text","Trueforce For All",""
"src/TrueforceForAll.Plugin/SettingsControl.xaml","657","TextBlock","HeaderVersionText","Text","","empty"
"src/TrueforceForAll.Plugin/SettingsControl.xaml","661","Button","CheckForUpdatesButton","Content","Check for updates",""
"src/TrueforceForAll.Plugin/SettingsControl.xaml","665","Button","CheckForUpdatesButton","ToolTip","Re-poll GitHub for a newer release. The plugin also checks once automatically on startup.",""
"src/TrueforceForAll.Plugin/SettingsControl.xaml","666","TextBlock","CheckForUpdatesStatus","Text","","empty"
"src/TrueforceForAll.Plugin/SettingsControl.xaml","679","Button","UpdateAvailableButton","ToolTip","Open the update dialog (release notes + Update now button).",""
"src/TrueforceForAll.Plugin/SettingsControl.xaml","680","TextBlock","UpdateAvailableButtonText","Text","Update available",""
"src/TrueforceForAll.Plugin/SettingsControl.xaml","683","TextBlock","UserControl[1]/Grid[1]/StackPanel[1]/TextBlock[1]","Text","The ultimate companion for a Trueforce-enabled Logitech wheel.",""
"src/TrueforceForAll.Plugin/SettingsControl.xaml","688","TextBlock","UserControl[1]/Grid[1]/StackPanel[1]/TextBlock[2]","Text","Unofficial. Not affiliated with Logitech.",""
"src/TrueforceForAll.Plugin/SettingsControl.xaml","706","TextBlock","WhatsNewBannerText","Text","What's new",""
"src/TrueforceForAll.Plugin/SettingsControl.xaml","708","TextBlock","WhatsNewBanner/Grid[1]/TextBlock[2]","Text","View →",""
"src/TrueforceForAll.Plugin/SettingsControl.xaml","730","TextBlock","ShareCtaBanner/Grid[1]/TextBlock[1]","Text","Wheel feeling alive in a game that never had Trueforce? Help another driver find TF4ALL.",""
"src/TrueforceForAll.Plugin/SettingsControl.xaml","733","TextBlock","ShareCtaBanner/Grid[1]/TextBlock[2]","Text","Share →",""
"src/TrueforceForAll.Plugin/SettingsControl.xaml","735","Button","ShareCtaDismiss","Content","✕","glyph"
"src/TrueforceForAll.Plugin/SettingsControl.xaml","739","Button","ShareCtaDismiss","ToolTip","Don't show this again",""
"src/TrueforceForAll.Plugin/SettingsControl.xaml","759","TextBlock","OfflineEditTitle","Text","Editing preset",""
"src/TrueforceForAll.Plugin/SettingsControl.xaml","762","TextBlock","OfflineEditHint","Text","Game defaults are shown for reference and can't be edited here; only the per-car effects are editable.",""
"src/TrueforceForAll.Plugin/SettingsControl.xaml","765","Button","OfflineEditDoneBtn","Content","Done",""
"src/TrueforceForAll.Plugin/SettingsControl.xaml","767","Button","OfflineEditDoneBtn","ToolTip","Finish editing: keep what you've saved, drop the live edit overlay, and return to your running game/car.",""
"src/TrueforceForAll.Plugin/SettingsControl.xaml","786","TextBlock","UdpSetupBanner/Grid[1]/TextBlock[1]","Text","⚠","glyph"
"src/TrueforceForAll.Plugin/SettingsControl.xaml","789","TextBlock","UdpSetupBannerText","Text","","empty"
"src/TrueforceForAll.Plugin/SettingsControl.xaml","790","Button","UdpSetupBannerButton","Content","Set up…",""
"src/TrueforceForAll.Plugin/SettingsControl.xaml","795","Button","UdpSetupBannerButton","ToolTip","Jump to the UDP telemetry setup for this game.",""
"src/TrueforceForAll.Plugin/SettingsControl.xaml","817","TextBlock","ForzaFallbackBanner/Grid[1]/TextBlock[1]","Text","ⓘ","glyph"
"src/TrueforceForAll.Plugin/SettingsControl.xaml","821","TextBlock","ForzaFallbackBannerText","Text","Force feedback is working, but the plugin is reading Forza's telemetry secondhand from SimHub, which carries less detail than Forza's own feed. Point Forza's Data Out at the plugin for more precise road texture and airborne feel, and to use Telemetry Based FFB, which needs the direct feed.",""
"src/TrueforceForAll.Plugin/SettingsControl.xaml","822","Button","ForzaFallbackBannerButton","Content","Set up…",""
"src/TrueforceForAll.Plugin/SettingsControl.xaml","826","Button","ForzaFallbackBannerButton","ToolTip","Jump to the Forza telemetry setup.",""
"src/TrueforceForAll.Plugin/SettingsControl.xaml","846","TextBlock","UserControl[1]/Grid[1]/StackPanel[1]/Border[6]/StackPanel[1]/Grid[1]/StackPanel[1]/TextBlock[1]","Text","Mode",""
"src/TrueforceForAll.Plugin/SettingsControl.xaml","850","ComboBox","MasterModeCombo","ToolTip","Normal: force feedback, effects, rev lights and the wheel's screen. Use this in most games. Lightsync only: turns off the plugin's effects and force feedback, for games with native Trueforce support or when you only want the light patterns and screen. Off: disables the plugin for the game you are in.",""
"src/TrueforceForAll.Plugin/SettingsControl.xaml","856","ComboBoxItem","MasterModeCombo/ComboBoxItem[1]","Content","Normal",""
"src/TrueforceForAll.Plugin/SettingsControl.xaml","858","ComboBoxItem","MasterModeLightsyncItem","Content","Lightsync only",""
"src/TrueforceForAll.Plugin/SettingsControl.xaml","859","ComboBoxItem","MasterModeCombo/ComboBoxItem[3]","Content","Off",""
"src/TrueforceForAll.Plugin/SettingsControl.xaml","871","TextBlock","StatusPillText","Text","Idle",""
"src/TrueforceForAll.Plugin/SettingsControl.xaml","876","Border","EnhancedBadge","ToolTip","Per-game enhanced telemetry source. Higher rate and more physics signals than the standard SimHub data pipe.",""
"src/TrueforceForAll.Plugin/SettingsControl.xaml","877","TextBlock","EnhancedBadgeText","Text","✨ Enhanced",""
"src/TrueforceForAll.Plugin/SettingsControl.xaml","903","Button","HelpGuidesHeaderButton","ToolTip","Guides and walkthroughs.",""
"src/TrueforceForAll.Plugin/SettingsControl.xaml","905","TextBlock","HelpGuidesHeaderButton/TextBlock[1]","Text","❔","glyph"
"src/TrueforceForAll.Plugin/SettingsControl.xaml","917","Button","DashPhoneHeaderButton","ToolTip","Control effects from your phone or tablet. Shows a QR code that opens TF4ALL Dash.",""
"src/TrueforceForAll.Plugin/SettingsControl.xaml","919","TextBlock","DashPhoneHeaderButton/TextBlock[1]","Text","📱","glyph"
"src/TrueforceForAll.Plugin/SettingsControl.xaml","925","Button","AchievementCrownButton","ToolTip","Achievements",""
"src/TrueforceForAll.Plugin/SettingsControl.xaml","927","TextBlock","AchievementCrownIcon","Text","👑","glyph"
"src/TrueforceForAll.Plugin/SettingsControl.xaml","938","Button","AccountChipButton","ToolTip","Sign in to share presets and use community car data.",""
"src/TrueforceForAll.Plugin/SettingsControl.xaml","945","TextBlock","AccountChipText","Text","Sign in",""
"src/TrueforceForAll.Plugin/SettingsControl.xaml","947","TextBlock","AccountChipCaret","Text","▾","glyph"
"src/TrueforceForAll.Plugin/SettingsControl.xaml","959","TextBlock","MasterModeNote","Text","","empty"
"src/TrueforceForAll.Plugin/SettingsControl.xaml","969","TextBlock","UserControl[1]/Grid[1]/StackPanel[1]/Border[6]/StackPanel[1]/Grid[2]/TextBlock[1]","Text","Game",""
"src/TrueforceForAll.Plugin/SettingsControl.xaml","970","TextBlock","HeaderGameText","Text","(none)",""
"src/TrueforceForAll.Plugin/SettingsControl.xaml","972","TextBlock","UserControl[1]/Grid[1]/StackPanel[1]/Border[6]/StackPanel[1]/Grid[2]/TextBlock[3]","Text","Car",""
"src/TrueforceForAll.Plugin/SettingsControl.xaml","974","TextBlock","HeaderCarText","Text","(none)",""
"src/TrueforceForAll.Plugin/SettingsControl.xaml","996","TextBlock","UserControl[1]/Grid[1]/StackPanel[1]/Border[6]/StackPanel[1]/Grid[3]/TextBlock[1]","Text","Game preset",""
"src/TrueforceForAll.Plugin/SettingsControl.xaml","1000","ComboBox","HeaderPresetCombo","IsTextSearchEnabled","True","identifier"
"src/TrueforceForAll.Plugin/SettingsControl.xaml","1001","ComboBox","HeaderPresetCombo","ToolTip","The active game preset.",""
"src/TrueforceForAll.Plugin/SettingsControl.xaml","1002","Button","HeaderGameSaveAllBtn","Content","★ Save",""
"src/TrueforceForAll.Plugin/SettingsControl.xaml","1004","Button","HeaderGameSaveAllBtn","ToolTip","Save your current tuning to this game's preset.",""
"src/TrueforceForAll.Plugin/SettingsControl.xaml","1008","Button","HeaderSaveAsNewBtn","Content","Save as new…",""
"src/TrueforceForAll.Plugin/SettingsControl.xaml","1011","Button","HeaderSaveAsNewBtn","ToolTip","Save current tuning under a new preset name (doesn't overwrite the active one).",""
"src/TrueforceForAll.Plugin/SettingsControl.xaml","1015","Button","HeaderGameShareBtn","Content","","glyph"
"src/TrueforceForAll.Plugin/SettingsControl.xaml","1019","Button","HeaderGameShareBtn","ToolTip","Share this game preset with the community.",""
"src/TrueforceForAll.Plugin/SettingsControl.xaml","1022","TextBlock","HeaderGameSaveStatus","Text","","empty"
"src/TrueforceForAll.Plugin/SettingsControl.xaml","1026","TextBlock","UserControl[1]/Grid[1]/StackPanel[1]/Border[6]/StackPanel[1]/Grid[3]/TextBlock[2]","Text","Car preset",""
"src/TrueforceForAll.Plugin/SettingsControl.xaml","1031","ComboBox","HeaderCarPresetCombo","IsTextSearchEnabled","True","identifier"
"src/TrueforceForAll.Plugin/SettingsControl.xaml","1032","ComboBox","HeaderCarPresetCombo","ToolTip","The preset for the current car. Pick this car's preset, or another car's to load its tuning onto the current car. Save in the Active car section saves it to this car. Confirms first if you have unsaved tuning.",""
"src/TrueforceForAll.Plugin/SettingsControl.xaml","1033","Button","HeaderCarSaveAllBtn","Content","★ Save",""
"src/TrueforceForAll.Plugin/SettingsControl.xaml","1035","Button","HeaderCarSaveAllBtn","ToolTip","Save your current tuning to this car's preset.",""
"src/TrueforceForAll.Plugin/SettingsControl.xaml","1039","Button","HeaderCarSaveAsNewBtn","Content","Save as new…",""
"src/TrueforceForAll.Plugin/SettingsControl.xaml","1042","Button","HeaderCarSaveAsNewBtn","ToolTip","Save this car's current tuning as a new car preset (doesn't overwrite the active one).",""
"src/TrueforceForAll.Plugin/SettingsControl.xaml","1047","Button","HeaderCarShareBtn","Content","","glyph"
"src/TrueforceForAll.Plugin/SettingsControl.xaml","1051","Button","HeaderCarShareBtn","ToolTip","Share this car preset with the community.",""
"src/TrueforceForAll.Plugin/SettingsControl.xaml","1052","TextBlock","HeaderCarSaveStatus","Text","","empty"
"src/TrueforceForAll.Plugin/SettingsControl.xaml","1067","TextBlock","CommunityVoteRow/StackPanel[1]/TextBlock[1]","Text","Rate this community preset:",""
"src/TrueforceForAll.Plugin/SettingsControl.xaml","1078","Border","CommunityVoteRow/StackPanel[1]/Border[1]","ToolTip","Good tune. Click again to undo your vote.",""
"src/TrueforceForAll.Plugin/SettingsControl.xaml","1079","TextBlock","CommunityVoteUpArrow","Text","▲","glyph"
"src/TrueforceForAll.Plugin/SettingsControl.xaml","1083","TextBlock","CommunityVoteScore","Text","0","numeric"
"src/TrueforceForAll.Plugin/SettingsControl.xaml","1090","Border","CommunityVoteRow/StackPanel[1]/Border[2]","ToolTip","Not for me. Click again to undo your vote.",""
"src/TrueforceForAll.Plugin/SettingsControl.xaml","1091","TextBlock","CommunityVoteDownArrow","Text","▼","glyph"
"src/TrueforceForAll.Plugin/SettingsControl.xaml","1095","TextBlock","CommunityVoteStatus","Text","","empty"
"src/TrueforceForAll.Plugin/SettingsControl.xaml","1111","TextBlock","CommunityVoteNudgeText","Text","Rate the preset you've been running?",""
"src/TrueforceForAll.Plugin/SettingsControl.xaml","1112","Button","CommunityVoteNudgeGood","Content","▲ Good",""
"src/TrueforceForAll.Plugin/SettingsControl.xaml","1115","Button","CommunityVoteNudgeBad","Content","▼ Not for me",""
"src/TrueforceForAll.Plugin/SettingsControl.xaml","1118","Button","CommunityVoteNudgeLater","Content","Later",""
"src/TrueforceForAll.Plugin/SettingsControl.xaml","1136","Expander","CarFactsExpander","ToolTip","What the plugin currently believes about the car you're driving. Correct anything that looks wrong.",""
"src/TrueforceForAll.Plugin/SettingsControl.xaml","1138","TextBlock","CarFactsExpander/Expander.Header[1]/TextBlock[1]","Text","Car Facts",""
"src/TrueforceForAll.Plugin/SettingsControl.xaml","1144","TextBlock","CarFactsNoCarHint","Text","Once you're driving, the car's facts show here. If the redline buzz or the rev lights fire at the wrong RPM, this is where to fix it.",""
"src/TrueforceForAll.Plugin/SettingsControl.xaml","1149","TextBlock","CarFactsRowsPanel/Grid[1]/TextBlock[1]","Text","Car name",""
"src/TrueforceForAll.Plugin/SettingsControl.xaml","1153","Button","CarFactsNameSaveBtn","Content","Save",""
"src/TrueforceForAll.Plugin/SettingsControl.xaml","1156","Button","CarFactsNameSaveBtn","ToolTip","Save a human-readable name for this car. Saved locally; also shared with the community when 'Enable community features (online)' is on.",""
"src/TrueforceForAll.Plugin/SettingsControl.xaml","1166","TextBlock","CarFactsRowsPanel/Grid[2]/TextBlock[1]","Text","Engine",""
"src/TrueforceForAll.Plugin/SettingsControl.xaml","1171","ComboBox","CarFactsEngineCombo","ToolTip","The engine type used for the firing pattern. Correct it if the auto-detected type is wrong. The Engine pulse Test button can help you A/B two candidates.",""
"src/TrueforceForAll.Plugin/SettingsControl.xaml","1174","Hyperlink","CarFactsRefreshCommunityLink","ToolTip","Refresh this car's community facts from the server now (they otherwise refresh at most weekly).",""
"src/TrueforceForAll.Plugin/SettingsControl.xaml","1174","Hyperlink","CarFactsRefreshCommunityLink","#text","↻ Refresh",""
"src/TrueforceForAll.Plugin/SettingsControl.xaml","1175","Run","CarFactsRowsPanel/Grid[2]/TextBlock[2]/Run[1]","Text","   ","empty"
"src/TrueforceForAll.Plugin/SettingsControl.xaml","1176","Hyperlink","CarFactsManageVariantsLink","#text","Manage variants…",""
"src/TrueforceForAll.Plugin/SettingsControl.xaml","1183","TextBlock","EngineLayoutAutoText","Text","","empty"
"src/TrueforceForAll.Plugin/SettingsControl.xaml","1184","TextBlock","EngineCommunityText","Text","","empty"
"src/TrueforceForAll.Plugin/SettingsControl.xaml","1191","TextBlock","CarFactsRowsPanel/Grid[3]/TextBlock[1]","Text","Redline",""
"src/TrueforceForAll.Plugin/SettingsControl.xaml","1194","TextBox","CarFactsRedlineBox","ToolTip","The redline start: where the tachometer turns red and you should upshift.",""
"src/TrueforceForAll.Plugin/SettingsControl.xaml","1195","TextBlock","CarFactsRowsPanel/Grid[3]/TextBlock[2]","Text","RPM",""
"src/TrueforceForAll.Plugin/SettingsControl.xaml","1196","Button","CarFactsRedlineSetBtn","Content","Set",""
"src/TrueforceForAll.Plugin/SettingsControl.xaml","1199","Button","CarFactsRedlineSetBtn","ToolTip","Save the redline start for this variant (this tune).",""
"src/TrueforceForAll.Plugin/SettingsControl.xaml","1204","TextBlock","CarFactsRowsPanel/TextBlock[4]","Text","Where the tachometer turns red and you upshift. This is not the rev limiter cutoff, which sits a little higher.",""
"src/TrueforceForAll.Plugin/SettingsControl.xaml","1219","TextBlock","CarFactsPerGearExpander/Expander.Header[1]/TextBlock[1]","Text","Per-Gear Redlines",""
"src/TrueforceForAll.Plugin/SettingsControl.xaml","1223","TextBlock","CarFactsPerGearExpander/StackPanel[1]/TextBlock[1]","Text","Set a different redline for specific gears, e.g. a lower 1st-gear shift point. Unlisted gears use the redline above.",""
"src/TrueforceForAll.Plugin/SettingsControl.xaml","1225","Button","CarFactsAddGearBtn","Content","+ Add gear",""
"src/TrueforceForAll.Plugin/SettingsControl.xaml","1240","TextBlock","CarRevLightRow/TextBlock[1]","Text","Rev lights",""
"src/TrueforceForAll.Plugin/SettingsControl.xaml","1243","Button","CarRevLightRememberBtn","Content","Remember for this car",""
"src/TrueforceForAll.Plugin/SettingsControl.xaml","1247","TextBlock","CarRevLightRememberStatus","#text","·","glyph"
"src/TrueforceForAll.Plugin/SettingsControl.xaml","1247","Hyperlink","CarRevLightRememberStatus/Hyperlink[1]","#text","Forget",""
"src/TrueforceForAll.Plugin/SettingsControl.xaml","1250","TextBlock","CarRevLightRowHelp","Text","Remember re-applies the pattern whenever this car loads.",""
"src/TrueforceForAll.Plugin/SettingsControl.xaml","1270","TextBlock","GHubWarningBox/StackPanel[1]/TextBlock[1]","Text","⚠","glyph"
"src/TrueforceForAll.Plugin/SettingsControl.xaml","1272","TextBlock","GHubWarningBox/StackPanel[1]/TextBlock[2]","Text","Logitech G HUB is running. Close it, then restart SimHub (G HUB claims the wheel and blocks force feedback).",""
"src/TrueforceForAll.Plugin/SettingsControl.xaml","1285","TextBlock","AdminWarningBox/StackPanel[1]/TextBlock[1]","Text","⚠","glyph"
"src/TrueforceForAll.Plugin/SettingsControl.xaml","1287","TextBlock","AdminWarningBox/StackPanel[1]/TextBlock[2]","Text","SimHub is not running as administrator. This is required for reliable force feedback (the USB capture that mirrors the game's FFB can fail without it). Easiest fix: turn on 'Run as administrator' in SimHub's Settings, then restart SimHub.",""
"src/TrueforceForAll.Plugin/SettingsControl.xaml","1300","TextBlock","WheelQuietDiagnosticBox/StackPanel[1]/TextBlock[1]","Text","⚠","glyph"
"src/TrueforceForAll.Plugin/SettingsControl.xaml","1303","TextBlock","WheelQuietDiagnosticText","Text","","empty"
"src/TrueforceForAll.Plugin/SettingsControl.xaml","1321","TextBlock","FfbTapPickerBanner/Grid[1]/TextBlock[1]","Text","⚠","glyph"
"src/TrueforceForAll.Plugin/SettingsControl.xaml","1325","TextBlock","FfbTapPickerBanner/Grid[1]/TextBlock[2]","Text","Your wheel is connected, but FFB pass-through can't find it on the USB bus, so your game's force feedback may feel wrong or be silenced. This is most often fixed by restarting your computer: the capture driver only loads at boot, so a fresh install needs one reboot. Replugging the wheel or moving it to a different USB port can also bring it back. If that doesn't fix it, please use Report an issue with a log attached.",""
"src/TrueforceForAll.Plugin/SettingsControl.xaml","1334","Button","FfbTapPickerBannerButton","Content","Pick device manually…",""
"src/TrueforceForAll.Plugin/SettingsControl.xaml","1353","TextBlock","UnverifiedWheelBanner/StackPanel[1]/TextBlock[1]","Text","ⓘ","glyph"
"src/TrueforceForAll.Plugin/SettingsControl.xaml","1357","TextBlock","UnverifiedWheelText","Text","","empty"
"src/TrueforceForAll.Plugin/SettingsControl.xaml","1371","TextBlock","DefaultDroppedBanner/Grid[1]/TextBlock[1]","Text","ⓘ","glyph"
"src/TrueforceForAll.Plugin/SettingsControl.xaml","1375","TextBlock","DefaultDroppedText","Text","","empty"
"src/TrueforceForAll.Plugin/SettingsControl.xaml","1376","Button","DefaultDroppedBanner/Grid[1]/Button[1]","Content","Dismiss",""
"src/TrueforceForAll.Plugin/SettingsControl.xaml","1387","Border","MoreIssuesBar","ToolTip","Show the other active issues.",""
"src/TrueforceForAll.Plugin/SettingsControl.xaml","1389","TextBlock","MoreIssuesText","Text","+1 more issue ▾",""
"src/TrueforceForAll.Plugin/SettingsControl.xaml","1403","sh:SHTabItem","EffectsTab","Header","Effects",""
"src/TrueforceForAll.Plugin/SettingsControl.xaml","1413","TextBlock","EffectsTab/ScrollViewer[1]/StackPanel[1]/Border[1]/TextBlock[1]","Text","Master",""
"src/TrueforceForAll.Plugin/SettingsControl.xaml","1417","TextBlock","EffectsTab/ScrollViewer[1]/StackPanel[1]/Grid[1]/TextBlock[1]","Text","Master gain:",""
"src/TrueforceForAll.Plugin/SettingsControl.xaml","1418","TextBlock","EffectsTab/ScrollViewer[1]/StackPanel[1]/Grid[1]/TextBlock[1]","ToolTip","Overall strength of the plugin's effects. Doesn't change the game's own force feedback.",""
"src/TrueforceForAll.Plugin/SettingsControl.xaml","1420","Slider","MasterGainSlider","ToolTip","Overall strength of the plugin's effects. Doesn't change the game's own force feedback.",""
"src/TrueforceForAll.Plugin/SettingsControl.xaml","1423","TextBox","MasterGainText","Text","1.00","numeric"
"src/TrueforceForAll.Plugin/SettingsControl.xaml","1436","TextBlock","EffectsTab/ScrollViewer[1]/StackPanel[1]/Border[2]/TextBlock[1]","Text","Effects",""
"src/TrueforceForAll.Plugin/SettingsControl.xaml","1444","CheckBox","AudioEnabledCheck","Content","Audio rumble",""
"src/TrueforceForAll.Plugin/SettingsControl.xaml","1446","CheckBox","AudioEnabledCheck","ToolTip","Turns the game's sound (engine, tires, impacts) into wheel vibration. Works even when a game sends no useful telemetry.",""
"src/TrueforceForAll.Plugin/SettingsControl.xaml","1449","TextBlock","AudioNewBadge/TextBlock[1]","Text","NEW",""
"src/TrueforceForAll.Plugin/SettingsControl.xaml","1452","Button","AudioRevertBtn","Content","↶","glyph"
"src/TrueforceForAll.Plugin/SettingsControl.xaml","1454","Button","AudioSaveBtn","Content","Save…",""
"src/TrueforceForAll.Plugin/SettingsControl.xaml","1461","TextBlock","AudioExpander/StackPanel[1]/Grid[1]/TextBlock[1]","Text","Gain:",""
"src/TrueforceForAll.Plugin/SettingsControl.xaml","1465","TextBox","AudioGainText","Text","1.00","numeric"
"src/TrueforceForAll.Plugin/SettingsControl.xaml","1469","TextBlock","AudioExpander/StackPanel[1]/Grid[2]/TextBlock[1]","Text","Highpass (Hz):",""
"src/TrueforceForAll.Plugin/SettingsControl.xaml","1473","TextBox","AudioHighpassText","Text","30","numeric"
"src/TrueforceForAll.Plugin/SettingsControl.xaml","1477","TextBlock","AudioExpander/StackPanel[1]/Grid[3]/TextBlock[1]","Text","Lowpass (Hz):",""
"src/TrueforceForAll.Plugin/SettingsControl.xaml","1481","TextBox","AudioFilterText","Text","350","numeric"
"src/TrueforceForAll.Plugin/SettingsControl.xaml","1485","TextBlock","AudioExpander/StackPanel[1]/Grid[4]/TextBlock[1]","Text","Level:",""
"src/TrueforceForAll.Plugin/SettingsControl.xaml","1490","TextBlock","AudioExpander/StackPanel[1]/Grid[5]/TextBlock[1]","Text","Status:",""
"src/TrueforceForAll.Plugin/SettingsControl.xaml","1491","TextBlock","CaptureStatusText","Text","Idle",""
"src/TrueforceForAll.Plugin/SettingsControl.xaml","1498","TextBlock","CaptureNotWorkingExpander/Expander.Header[1]/TextBlock[1]","Text","Audio capture not picking up your game?",""
"src/TrueforceForAll.Plugin/SettingsControl.xaml","1502","TextBlock","CaptureNotWorkingExpander/StackPanel[1]/TextBlock[1]","Text","Type the game's exe name here (with or without "".exe"").",""
"src/TrueforceForAll.Plugin/SettingsControl.xaml","1505","TextBlock","CaptureNotWorkingExpander/StackPanel[1]/Grid[1]/TextBlock[1]","Text","Capture exe:",""
"src/TrueforceForAll.Plugin/SettingsControl.xaml","1509","TextBox","CaptureExeOverrideBox","ToolTip","Saved per-game and applied within 1 second.",""
"src/TrueforceForAll.Plugin/SettingsControl.xaml","1527","CheckBox","EngineEnabledCheck","Content","Engine pulse",""
"src/TrueforceForAll.Plugin/SettingsControl.xaml","1529","CheckBox","EngineEnabledCheck","ToolTip","The engine's firing pulse through the wheel, rising with RPM.",""
"src/TrueforceForAll.Plugin/SettingsControl.xaml","1532","TextBlock","EngineNewBadge/TextBlock[1]","Text","NEW",""
"src/TrueforceForAll.Plugin/SettingsControl.xaml","1535","Button","EngineExpander/Expander.Header[1]/StackPanel[1]/Button[1]","Content","Test",""
"src/TrueforceForAll.Plugin/SettingsControl.xaml","1536","Button","EngineRevertBtn","Content","↶","glyph"
"src/TrueforceForAll.Plugin/SettingsControl.xaml","1537","Button","EngineSaveBtn","Content","Save…",""
"src/TrueforceForAll.Plugin/SettingsControl.xaml","1544","TextBlock","EngineExpander/StackPanel[1]/TextBlock[1]","Text","Set the engine type in Car facts (active car card) for the most accurate pulse.",""
"src/TrueforceForAll.Plugin/SettingsControl.xaml","1547","TextBlock","EngineExpander/StackPanel[1]/Grid[1]/TextBlock[1]","Text","Gain:",""
"src/TrueforceForAll.Plugin/SettingsControl.xaml","1550","TextBox","EngineGainText","Text","1.00","numeric"
"src/TrueforceForAll.Plugin/SettingsControl.xaml","1554","TextBlock","EngineExpander/StackPanel[1]/Grid[2]/TextBlock[1]","Text","Pitch:",""
"src/TrueforceForAll.Plugin/SettingsControl.xaml","1557","TextBox","EnginePitchText","Text","1.00","numeric"
"src/TrueforceForAll.Plugin/SettingsControl.xaml","1561","TextBlock","EngineExpander/StackPanel[1]/Grid[3]/TextBlock[1]","Text","Waveform:",""
"src/TrueforceForAll.Plugin/SettingsControl.xaml","1563","ComboBoxItem","EngineWaveformCombo/ComboBoxItem[1]","Content","Sine",""
"src/TrueforceForAll.Plugin/SettingsControl.xaml","1563","ComboBoxItem","EngineWaveformCombo/ComboBoxItem[2]","Content","Square",""
"src/TrueforceForAll.Plugin/SettingsControl.xaml","1563","ComboBoxItem","EngineWaveformCombo/ComboBoxItem[3]","Content","Saw",""
"src/TrueforceForAll.Plugin/SettingsControl.xaml","1563","ComboBoxItem","EngineWaveformCombo/ComboBoxItem[4]","Content","Triangle",""
"src/TrueforceForAll.Plugin/SettingsControl.xaml","1563","ComboBoxItem","EngineWaveformCombo/ComboBoxItem[5]","Content","Noise",""
"src/TrueforceForAll.Plugin/SettingsControl.xaml","1568","TextBlock","EngineExpander/StackPanel[1]/Grid[4]/TextBlock[1]","Text","Lowpass (Hz):",""
"src/TrueforceForAll.Plugin/SettingsControl.xaml","1569","TextBlock","EngineExpander/StackPanel[1]/Grid[4]/TextBlock[1]","ToolTip","0 = disabled. Lowers buzzy harmonics on Square/Saw without changing pitch.",""
"src/TrueforceForAll.Plugin/SettingsControl.xaml","1572","TextBox","EngineLowpassText","Text","0","numeric"
"src/TrueforceForAll.Plugin/SettingsControl.xaml","1579","TextBlock","EngineExpander/StackPanel[1]/Grid[5]/TextBlock[1]","Text","Electric cars:",""
"src/TrueforceForAll.Plugin/SettingsControl.xaml","1580","TextBlock","EngineExpander/StackPanel[1]/Grid[5]/TextBlock[1]","ToolTip","What Engine pulse does for electric cars (detected as electric, or set to Electric in Car facts). Most users prefer the muted hum since real EVs aren't silent (many pump synthetic engine sound). Pick Silent if you want true silence on EVs.",""
"src/TrueforceForAll.Plugin/SettingsControl.xaml","1582","ComboBoxItem","EngineElectricModeCombo/ComboBoxItem[1]","Content","Muted hum (25%)",""
"src/TrueforceForAll.Plugin/SettingsControl.xaml","1583","ComboBoxItem","EngineElectricModeCombo/ComboBoxItem[2]","Content","Silent (off)",""
"src/TrueforceForAll.Plugin/SettingsControl.xaml","1599","CheckBox","EngineLoadLayerCheck","Content","Low-end body",""
"src/TrueforceForAll.Plugin/SettingsControl.xaml","1601","CheckBox","EngineLoadLayerCheck","ToolTip","Adds a low-frequency oscillation at the engine's cycle rate (RPM/120 Hz) alongside the firing pulse. Sits in the band the wheel actually moves at, so the engine keeps feeling present as the firing pulse rolls off at high RPM.",""
"src/TrueforceForAll.Plugin/SettingsControl.xaml","1605","TextBlock","EngineExpander/StackPanel[1]/Grid[7]/TextBlock[1]","Text","  Strength:",""
"src/TrueforceForAll.Plugin/SettingsControl.xaml","1608","TextBox","EngineLoadLayerGainText","Text","0.80","numeric"
"src/TrueforceForAll.Plugin/SettingsControl.xaml","1613","CheckBox","EngineHighRpmBoostCheck","Content","High-RPM boost",""
"src/TrueforceForAll.Plugin/SettingsControl.xaml","1615","CheckBox","EngineHighRpmBoostCheck","ToolTip","Extra engine-pulse strength that ramps in above 50% RPM, so high revs stay strong in the wheel instead of fading.",""
"src/TrueforceForAll.Plugin/SettingsControl.xaml","1619","TextBlock","EngineExpander/StackPanel[1]/Grid[9]/TextBlock[1]","Text","  Amount:",""
"src/TrueforceForAll.Plugin/SettingsControl.xaml","1622","TextBox","EngineHighRpmBoostText","Text","0.70","numeric"
"src/TrueforceForAll.Plugin/SettingsControl.xaml","1631","CheckBox","SlipEnabledCheck","Content","Road bumps & curbs",""
"src/TrueforceForAll.Plugin/SettingsControl.xaml","1635","TextBlock","BumpsNewBadge/TextBlock[1]","Text","NEW",""
"src/TrueforceForAll.Plugin/SettingsControl.xaml","1638","Button","BumpsExpander/Expander.Header[1]/StackPanel[1]/Button[1]","Content","Test",""
"src/TrueforceForAll.Plugin/SettingsControl.xaml","1639","Button","BumpsRevertBtn","Content","↶","glyph"
"src/TrueforceForAll.Plugin/SettingsControl.xaml","1640","Button","BumpsSaveBtn","Content","Save…",""
"src/TrueforceForAll.Plugin/SettingsControl.xaml","1646","TextBlock","BumpsExpander/StackPanel[1]/Grid[1]/TextBlock[1]","Text","Gain:",""
"src/TrueforceForAll.Plugin/SettingsControl.xaml","1649","TextBox","SlipGainText","Text","1.00","numeric"
"src/TrueforceForAll.Plugin/SettingsControl.xaml","1653","TextBlock","BumpsExpander/StackPanel[1]/Grid[2]/TextBlock[1]","Text","Waveform:",""
"src/TrueforceForAll.Plugin/SettingsControl.xaml","1655","ComboBoxItem","BumpsWaveformCombo/ComboBoxItem[1]","Content","Sine",""
"src/TrueforceForAll.Plugin/SettingsControl.xaml","1655","ComboBoxItem","BumpsWaveformCombo/ComboBoxItem[2]","Content","Square",""
"src/TrueforceForAll.Plugin/SettingsControl.xaml","1655","ComboBoxItem","BumpsWaveformCombo/ComboBoxItem[3]","Content","Saw",""
"src/TrueforceForAll.Plugin/SettingsControl.xaml","1655","ComboBoxItem","BumpsWaveformCombo/ComboBoxItem[4]","Content","Triangle",""
"src/TrueforceForAll.Plugin/SettingsControl.xaml","1655","ComboBoxItem","BumpsWaveformCombo/ComboBoxItem[5]","Content","Noise",""
"src/TrueforceForAll.Plugin/SettingsControl.xaml","1660","TextBlock","BumpsFreqRow/TextBlock[1]","Text","Frequency (Hz):",""
"src/TrueforceForAll.Plugin/SettingsControl.xaml","1663","TextBox","BumpsFreqText","Text","60","numeric"
"src/TrueforceForAll.Plugin/SettingsControl.xaml","1676","TextBlock","BumpsLeadingEdgePanel/Grid[1]/TextBlock[1]","Text","Leading edge:",""
"src/TrueforceForAll.Plugin/SettingsControl.xaml","1677","TextBlock","BumpsLeadingEdgePanel/Grid[1]/TextBlock[1]","ToolTip","The extra whack the instant a wheel first strikes a hard bump: ruts, edges, drops. 0 = smooth texture only.",""
"src/TrueforceForAll.Plugin/SettingsControl.xaml","1680","TextBox","BumpsLeadingEdgeText","Text","0.00","numeric"
"src/TrueforceForAll.Plugin/SettingsControl.xaml","1692","CheckBox","BumpsSurfaceEnabledCheck","Content","Surface texture (Forza)",""
"src/TrueforceForAll.Plugin/SettingsControl.xaml","1694","CheckBox","BumpsSurfaceEnabledCheck","ToolTip","Forza-only: drives a second oscillator from the per-tire SurfaceRumble channel. Continuous road feel that's stronger on dirt/grass and lighter on asphalt. Curb thump handles the hit when a wheel first finds a curb.",""
"src/TrueforceForAll.Plugin/SettingsControl.xaml","1697","TextBlock","BumpsSurfacePanel/StackPanel[1]/Grid[1]/TextBlock[1]","Text","Surface gain:",""
"src/TrueforceForAll.Plugin/SettingsControl.xaml","1700","TextBox","BumpsSurfaceGainText","Text","1.00","numeric"
"src/TrueforceForAll.Plugin/SettingsControl.xaml","1704","TextBlock","BumpsSurfacePanel/StackPanel[1]/Grid[2]/TextBlock[1]","Text","Surface freq (Hz):",""
"src/TrueforceForAll.Plugin/SettingsControl.xaml","1707","TextBox","BumpsSurfaceFreqText","Text","120","numeric"
"src/TrueforceForAll.Plugin/SettingsControl.xaml","1711","TextBlock","BumpsSurfacePanel/StackPanel[1]/Grid[3]/TextBlock[1]","Text","Surface waveform:",""
"src/TrueforceForAll.Plugin/SettingsControl.xaml","1713","ComboBoxItem","BumpsSurfaceWaveformCombo/ComboBoxItem[1]","Content","Sine",""
"src/TrueforceForAll.Plugin/SettingsControl.xaml","1713","ComboBoxItem","BumpsSurfaceWaveformCombo/ComboBoxItem[2]","Content","Square",""
"src/TrueforceForAll.Plugin/SettingsControl.xaml","1713","ComboBoxItem","BumpsSurfaceWaveformCombo/ComboBoxItem[3]","Content","Saw",""
"src/TrueforceForAll.Plugin/SettingsControl.xaml","1713","ComboBoxItem","BumpsSurfaceWaveformCombo/ComboBoxItem[4]","Content","Triangle",""
"src/TrueforceForAll.Plugin/SettingsControl.xaml","1713","ComboBoxItem","BumpsSurfaceWaveformCombo/ComboBoxItem[5]","Content","Noise",""
"src/TrueforceForAll.Plugin/SettingsControl.xaml","1718","TextBlock","BumpsSurfacePanel/StackPanel[1]/Grid[4]/TextBlock[1]","Text","Rumble scale:",""
"src/TrueforceForAll.Plugin/SettingsControl.xaml","1719","TextBlock","BumpsSurfacePanel/StackPanel[1]/Grid[4]/TextBlock[1]","ToolTip","Multiplier on Forza's SurfaceRumble before driving the oscillator. 1.0 = use as-is. Bump up for more aggressive surface feel.",""
"src/TrueforceForAll.Plugin/SettingsControl.xaml","1722","TextBox","BumpsSurfaceRumbleScaleText","Text","1.00","numeric"
"src/TrueforceForAll.Plugin/SettingsControl.xaml","1733","CheckBox","TractionEnabledCheck","Content","Traction loss (rear breaking loose / wheelspin)",""
"src/TrueforceForAll.Plugin/SettingsControl.xaml","1737","TextBlock","TractionNewBadge/TextBlock[1]","Text","NEW",""
"src/TrueforceForAll.Plugin/SettingsControl.xaml","1740","Button","TractionExpander/Expander.Header[1]/StackPanel[1]/Button[1]","Content","Test",""
"src/TrueforceForAll.Plugin/SettingsControl.xaml","1741","Button","TractionRevertBtn","Content","↶","glyph"
"src/TrueforceForAll.Plugin/SettingsControl.xaml","1742","Button","TractionSaveBtn","Content","Save…",""
"src/TrueforceForAll.Plugin/SettingsControl.xaml","1748","TextBlock","TractionExpander/StackPanel[1]/Grid[1]/TextBlock[1]","Text","Gain:",""
"src/TrueforceForAll.Plugin/SettingsControl.xaml","1751","TextBox","TractionGainText","Text","1.00","numeric"
"src/TrueforceForAll.Plugin/SettingsControl.xaml","1755","TextBlock","TractionExpander/StackPanel[1]/Grid[2]/TextBlock[1]","Text","Sensitivity:",""
"src/TrueforceForAll.Plugin/SettingsControl.xaml","1758","TextBox","TractionSensitivityText","Text","1.00","numeric"
"src/TrueforceForAll.Plugin/SettingsControl.xaml","1762","TextBlock","TractionExpander/StackPanel[1]/Grid[3]/TextBlock[1]","Text","Waveform:",""
"src/TrueforceForAll.Plugin/SettingsControl.xaml","1764","ComboBoxItem","TractionWaveformCombo/ComboBoxItem[1]","Content","Sine",""
"src/TrueforceForAll.Plugin/SettingsControl.xaml","1764","ComboBoxItem","TractionWaveformCombo/ComboBoxItem[2]","Content","Square",""
"src/TrueforceForAll.Plugin/SettingsControl.xaml","1764","ComboBoxItem","TractionWaveformCombo/ComboBoxItem[3]","Content","Saw",""
"src/TrueforceForAll.Plugin/SettingsControl.xaml","1764","ComboBoxItem","TractionWaveformCombo/ComboBoxItem[4]","Content","Triangle",""
"src/TrueforceForAll.Plugin/SettingsControl.xaml","1764","ComboBoxItem","TractionWaveformCombo/ComboBoxItem[5]","Content","Noise",""
"src/TrueforceForAll.Plugin/SettingsControl.xaml","1769","TextBlock","TractionFreqRow/TextBlock[1]","Text","Frequency (Hz):",""
"src/TrueforceForAll.Plugin/SettingsControl.xaml","1772","TextBox","TractionFreqText","Text","100","numeric"
"src/TrueforceForAll.Plugin/SettingsControl.xaml","1779","TextBlock","TractionNoiseLpRow/TextBlock[1]","Text","Noise lowpass (Hz):",""
"src/TrueforceForAll.Plugin/SettingsControl.xaml","1780","TextBlock","TractionNoiseLpRow/TextBlock[1]","ToolTip","Cut high frequencies from noise. Lower = smoother rumble, higher = grittier.",""
"src/TrueforceForAll.Plugin/SettingsControl.xaml","1783","TextBox","TractionNoiseLpText","Text","250","numeric"
"src/TrueforceForAll.Plugin/SettingsControl.xaml","1787","TextBlock","TractionNoiseHpRow/TextBlock[1]","Text","Noise highpass (Hz):",""
"src/TrueforceForAll.Plugin/SettingsControl.xaml","1788","TextBlock","TractionNoiseHpRow/TextBlock[1]","ToolTip","Cut sub-audible drift / DC thump from noise. 0 disables.",""
"src/TrueforceForAll.Plugin/SettingsControl.xaml","1791","TextBox","TractionNoiseHpText","Text","30","numeric"
"src/TrueforceForAll.Plugin/SettingsControl.xaml","1802","CheckBox","AxleSlipEnabledCheck","Content","Axle slip",""
"src/TrueforceForAll.Plugin/SettingsControl.xaml","1806","TextBlock","AxleSlipNewBadge/TextBlock[1]","Text","NEW",""
"src/TrueforceForAll.Plugin/SettingsControl.xaml","1809","Button","AxleSlipExpander/Expander.Header[1]/StackPanel[1]/Button[1]","Content","Test",""
"src/TrueforceForAll.Plugin/SettingsControl.xaml","1810","Button","AxleSlipRevertBtn","Content","↶","glyph"
"src/TrueforceForAll.Plugin/SettingsControl.xaml","1811","Button","AxleSlipSaveBtn","Content","Save…",""
"src/TrueforceForAll.Plugin/SettingsControl.xaml","1816","TextBlock","AxleSlipExpander/StackPanel[1]/TextBlock[1]","Text","Feel which axle is slipping: a high scrub texture as the front washes wide, a deep pulse as the rear steps out. The louder axle is the one losing grip. Needs per-tire telemetry (Forza, Assetto Corsa, and Farming Simulator with the TF4ALL Enhanced Telemetry mod).",""
"src/TrueforceForAll.Plugin/SettingsControl.xaml","1819","TextBlock","AxleSlipExpander/StackPanel[1]/Grid[1]/TextBlock[1]","Text","Gain:",""
"src/TrueforceForAll.Plugin/SettingsControl.xaml","1822","TextBox","AxleSlipGainText","Text","1.00","numeric"
"src/TrueforceForAll.Plugin/SettingsControl.xaml","1826","TextBlock","AxleSlipExpander/StackPanel[1]/Grid[2]/TextBlock[1]","Text","Front strength:",""
"src/TrueforceForAll.Plugin/SettingsControl.xaml","1827","TextBlock","AxleSlipExpander/StackPanel[1]/Grid[2]/TextBlock[1]","ToolTip","Volume of the high front scrub voice, under the main gain.",""
"src/TrueforceForAll.Plugin/SettingsControl.xaml","1830","TextBox","AxleSlipFrontStrengthText","Text","0.30","numeric"
"src/TrueforceForAll.Plugin/SettingsControl.xaml","1834","TextBlock","AxleSlipExpander/StackPanel[1]/Grid[3]/TextBlock[1]","Text","Rear strength:",""
"src/TrueforceForAll.Plugin/SettingsControl.xaml","1835","TextBlock","AxleSlipExpander/StackPanel[1]/Grid[3]/TextBlock[1]","ToolTip","Volume of the deep rear pulse voice, under the main gain.",""
"src/TrueforceForAll.Plugin/SettingsControl.xaml","1838","TextBox","AxleSlipRearStrengthText","Text","0.21","numeric"
"src/TrueforceForAll.Plugin/SettingsControl.xaml","1842","TextBlock","AxleSlipExpander/StackPanel[1]/Grid[4]/TextBlock[1]","Text","Front pitch (Hz):",""
"src/TrueforceForAll.Plugin/SettingsControl.xaml","1843","TextBlock","AxleSlipExpander/StackPanel[1]/Grid[4]/TextBlock[1]","ToolTip","Center of the front scrub tone (default 200). Lower = smoother rub, higher = sharper hiss. The tone still climbs as the front tires reach the limit.",""
"src/TrueforceForAll.Plugin/SettingsControl.xaml","1846","TextBox","AxleSlipFrontPitchText","Text","200","numeric"
"src/TrueforceForAll.Plugin/SettingsControl.xaml","1850","TextBlock","AxleSlipExpander/StackPanel[1]/Grid[5]/TextBlock[1]","Text","Rear pitch (Hz):",""
"src/TrueforceForAll.Plugin/SettingsControl.xaml","1851","TextBlock","AxleSlipExpander/StackPanel[1]/Grid[5]/TextBlock[1]","ToolTip","Center of the rear thump (default 55). Lower = heavier, slower thud. Also the floor for the wheelspin-locked pulse.",""
"src/TrueforceForAll.Plugin/SettingsControl.xaml","1854","TextBox","AxleSlipRearPitchText","Text","35","numeric"
"src/TrueforceForAll.Plugin/SettingsControl.xaml","1858","TextBlock","AxleSlipExpander/StackPanel[1]/Grid[6]/TextBlock[1]","Text","Understeer judder:",""
"src/TrueforceForAll.Plugin/SettingsControl.xaml","1859","TextBlock","AxleSlipExpander/StackPanel[1]/Grid[6]/TextBlock[1]","ToolTip","Depth of the grip-slip-grip chatter once the front is past the limit. 0 = smooth scrub only.",""
"src/TrueforceForAll.Plugin/SettingsControl.xaml","1862","TextBox","AxleSlipJudderText","Text","0.80","numeric"
"src/TrueforceForAll.Plugin/SettingsControl.xaml","1866","TextBlock","AxleSlipExpander/StackPanel[1]/Grid[7]/TextBlock[1]","Text","Onset threshold:",""
"src/TrueforceForAll.Plugin/SettingsControl.xaml","1867","TextBlock","AxleSlipExpander/StackPanel[1]/Grid[7]/TextBlock[1]","ToolTip","How close to the grip limit before the voices start speaking. 0.85 = 85% of the limit; lower = earlier warning.",""
"src/TrueforceForAll.Plugin/SettingsControl.xaml","1870","TextBox","AxleSlipOnsetText","Text","0.85","numeric"
"src/TrueforceForAll.Plugin/SettingsControl.xaml","1875","CheckBox","AxleSlipPredictiveCheck","Content","Predictive early warning",""
"src/TrueforceForAll.Plugin/SettingsControl.xaml","1877","CheckBox","AxleSlipPredictiveCheck","ToolTip","Predicts the slide from how fast grip is being used up, so the warning arrives a fraction before the limit instead of at it.",""
"src/TrueforceForAll.Plugin/SettingsControl.xaml","1882","CheckBox","AxleSlipRevLockedCheck","Content","Wheelspin-locked rear pulse",""
"src/TrueforceForAll.Plugin/SettingsControl.xaml","1884","CheckBox","AxleSlipRevLockedCheck","ToolTip","The rear pulse speeds up and slows down with the spinning wheels themselves, so wheelspin feels like wheels turning rather than a generic buzz.",""
"src/TrueforceForAll.Plugin/SettingsControl.xaml","1894","CheckBox","KerbThumpEnabledCheck","Content","Curb thump",""
"src/TrueforceForAll.Plugin/SettingsControl.xaml","1898","TextBlock","KerbThumpNewBadge/TextBlock[1]","Text","NEW",""
"src/TrueforceForAll.Plugin/SettingsControl.xaml","1901","Button","KerbThumpExpander/Expander.Header[1]/StackPanel[1]/Button[1]","Content","Test",""
"src/TrueforceForAll.Plugin/SettingsControl.xaml","1902","Button","KerbThumpRevertBtn","Content","↶","glyph"
"src/TrueforceForAll.Plugin/SettingsControl.xaml","1903","Button","KerbThumpSaveBtn","Content","Save…",""
"src/TrueforceForAll.Plugin/SettingsControl.xaml","1908","TextBlock","KerbThumpExpander/StackPanel[1]/TextBlock[1]","Text","A single firm whack the instant a wheel first touches a curb, distinct from the rumble that follows. Scales with speed. Needs curb telemetry (Forza games today).",""
"src/TrueforceForAll.Plugin/SettingsControl.xaml","1911","TextBlock","KerbThumpExpander/StackPanel[1]/Grid[1]/TextBlock[1]","Text","Gain:",""
"src/TrueforceForAll.Plugin/SettingsControl.xaml","1914","TextBox","KerbThumpGainText","Text","1.60","numeric"
"src/TrueforceForAll.Plugin/SettingsControl.xaml","1918","TextBlock","KerbThumpExpander/StackPanel[1]/Grid[2]/TextBlock[1]","Text","Frequency (Hz):",""
"src/TrueforceForAll.Plugin/SettingsControl.xaml","1919","TextBlock","KerbThumpExpander/StackPanel[1]/Grid[2]/TextBlock[1]","ToolTip","Lower = deeper whack. 30 Hz default keeps it below the gear-shift thud.",""
"src/TrueforceForAll.Plugin/SettingsControl.xaml","1922","TextBox","KerbThumpFreqText","Text","30","numeric"
"src/TrueforceForAll.Plugin/SettingsControl.xaml","1932","CheckBox","LockupJudderEnabledCheck","Content","Lockup judder",""
"src/TrueforceForAll.Plugin/SettingsControl.xaml","1936","TextBlock","LockupJudderNewBadge/TextBlock[1]","Text","NEW",""
"src/TrueforceForAll.Plugin/SettingsControl.xaml","1939","Button","LockupJudderExpander/Expander.Header[1]/StackPanel[1]/Button[1]","Content","Test",""
"src/TrueforceForAll.Plugin/SettingsControl.xaml","1940","Button","LockupJudderRevertBtn","Content","↶","glyph"
"src/TrueforceForAll.Plugin/SettingsControl.xaml","1941","Button","LockupJudderSaveBtn","Content","Save…",""
"src/TrueforceForAll.Plugin/SettingsControl.xaml","1946","TextBlock","LockupJudderExpander/StackPanel[1]/TextBlock[1]","Text","A flat-spot pulse while a braking tire is locked, slowing with the car the way a real flat spot would. Needs per-tire telemetry (Forza and Assetto Corsa today).",""
"src/TrueforceForAll.Plugin/SettingsControl.xaml","1949","TextBlock","LockupJudderExpander/StackPanel[1]/Grid[1]/TextBlock[1]","Text","Gain:",""
"src/TrueforceForAll.Plugin/SettingsControl.xaml","1952","TextBox","LockupJudderGainText","Text","1.00","numeric"
"src/TrueforceForAll.Plugin/SettingsControl.xaml","1961","CheckBox","ShiftEnabledCheck","Content","Gear shift thud",""
"src/TrueforceForAll.Plugin/SettingsControl.xaml","1965","TextBlock","ShiftNewBadge/TextBlock[1]","Text","NEW",""
"src/TrueforceForAll.Plugin/SettingsControl.xaml","1968","Button","ShiftExpander/Expander.Header[1]/StackPanel[1]/Button[1]","Content","Test",""
"src/TrueforceForAll.Plugin/SettingsControl.xaml","1969","Button","ShiftRevertBtn","Content","↶","glyph"
"src/TrueforceForAll.Plugin/SettingsControl.xaml","1970","Button","ShiftSaveBtn","Content","Save…",""
"src/TrueforceForAll.Plugin/SettingsControl.xaml","1976","TextBlock","ShiftExpander/StackPanel[1]/Grid[1]/TextBlock[1]","Text","Gain:",""
"src/TrueforceForAll.Plugin/SettingsControl.xaml","1979","TextBox","ShiftGainText","Text","1.00","numeric"
"src/TrueforceForAll.Plugin/SettingsControl.xaml","1983","TextBlock","ShiftExpander/StackPanel[1]/Grid[2]/TextBlock[1]","Text","Waveform:",""
"src/TrueforceForAll.Plugin/SettingsControl.xaml","1985","ComboBoxItem","ShiftWaveformCombo/ComboBoxItem[1]","Content","Sine",""
"src/TrueforceForAll.Plugin/SettingsControl.xaml","1985","ComboBoxItem","ShiftWaveformCombo/ComboBoxItem[2]","Content","Square",""
"src/TrueforceForAll.Plugin/SettingsControl.xaml","1985","ComboBoxItem","ShiftWaveformCombo/ComboBoxItem[3]","Content","Saw",""
"src/TrueforceForAll.Plugin/SettingsControl.xaml","1985","ComboBoxItem","ShiftWaveformCombo/ComboBoxItem[4]","Content","Triangle",""
"src/TrueforceForAll.Plugin/SettingsControl.xaml","1985","ComboBoxItem","ShiftWaveformCombo/ComboBoxItem[5]","Content","Noise",""
"src/TrueforceForAll.Plugin/SettingsControl.xaml","1990","TextBlock","ShiftExpander/StackPanel[1]/Grid[3]/TextBlock[1]","Text","Frequency (Hz):",""
"src/TrueforceForAll.Plugin/SettingsControl.xaml","1993","TextBox","ShiftFreqText","Text","40","numeric"
"src/TrueforceForAll.Plugin/SettingsControl.xaml","2007","CheckBox","ImplementThudCheck","Content","Implement thud",""
"src/TrueforceForAll.Plugin/SettingsControl.xaml","2010","CheckBox","ImplementThudCheck","ToolTip","A mechanical clunk in the wheel when equipment drops into work or lifts back out, the linkage landing and releasing. Lowering lands harder than raising.",""
"src/TrueforceForAll.Plugin/SettingsControl.xaml","2012","TextBlock","ImplementThudNewBadge/TextBlock[1]","Text","NEW",""
"src/TrueforceForAll.Plugin/SettingsControl.xaml","2014","Button","ImplementThudExpander/Expander.Header[1]/StackPanel[1]/Button[1]","Content","Test",""
"src/TrueforceForAll.Plugin/SettingsControl.xaml","2015","Button","ImplementThudRevertBtn","Content","↶","glyph"
"src/TrueforceForAll.Plugin/SettingsControl.xaml","2016","Button","ImplementThudSaveBtn","Content","Save…",""
"src/TrueforceForAll.Plugin/SettingsControl.xaml","2022","TextBlock","ImplementThudExpander/StackPanel[1]/Grid[1]/TextBlock[1]","Text","Gain:",""
"src/TrueforceForAll.Plugin/SettingsControl.xaml","2025","TextBox","ImplementThudGainText","Text","1.00","numeric"
"src/TrueforceForAll.Plugin/SettingsControl.xaml","2029","TextBlock","ImplementThudExpander/StackPanel[1]/Grid[2]/TextBlock[1]","Text","Waveform:",""
"src/TrueforceForAll.Plugin/SettingsControl.xaml","2031","ComboBoxItem","ImplementThudWaveformCombo/ComboBoxItem[1]","Content","Sine",""
"src/TrueforceForAll.Plugin/SettingsControl.xaml","2031","ComboBoxItem","ImplementThudWaveformCombo/ComboBoxItem[2]","Content","Square",""
"src/TrueforceForAll.Plugin/SettingsControl.xaml","2031","ComboBoxItem","ImplementThudWaveformCombo/ComboBoxItem[3]","Content","Saw",""
"src/TrueforceForAll.Plugin/SettingsControl.xaml","2031","ComboBoxItem","ImplementThudWaveformCombo/ComboBoxItem[4]","Content","Triangle",""
"src/TrueforceForAll.Plugin/SettingsControl.xaml","2031","ComboBoxItem","ImplementThudWaveformCombo/ComboBoxItem[5]","Content","Noise",""
"src/TrueforceForAll.Plugin/SettingsControl.xaml","2036","TextBlock","ImplementThudExpander/StackPanel[1]/Grid[3]/TextBlock[1]","Text","Frequency (Hz):",""
"src/TrueforceForAll.Plugin/SettingsControl.xaml","2039","TextBox","ImplementThudFreqText","Text","30","numeric"
"src/TrueforceForAll.Plugin/SettingsControl.xaml","2043","TextBlock","ImplementThudExpander/StackPanel[1]/Grid[4]/TextBlock[1]","Text","Raise amount:",""
"src/TrueforceForAll.Plugin/SettingsControl.xaml","2044","TextBlock","ImplementThudExpander/StackPanel[1]/Grid[4]/TextBlock[1]","ToolTip","How hard lifting OUT of work lands, relative to dropping in. 0 = raising is silent.",""
"src/TrueforceForAll.Plugin/SettingsControl.xaml","2047","TextBox","ImplementThudRaiseText","Text","0.60","numeric"
"src/TrueforceForAll.Plugin/SettingsControl.xaml","2051","TextBlock","ImplementThudExpander/StackPanel[1]/Grid[5]/TextBlock[1]","Text","Hydraulic hum:",""
"src/TrueforceForAll.Plugin/SettingsControl.xaml","2052","TextBlock","ImplementThudExpander/StackPanel[1]/Grid[5]/TextBlock[1]","ToolTip","A pump whine while the linkage or a fold is actually traveling; the thud then lands when the motion settles. 0 = thud only.",""
"src/TrueforceForAll.Plugin/SettingsControl.xaml","2055","TextBox","ImplementThudHumText","Text","0.30","numeric"
"src/TrueforceForAll.Plugin/SettingsControl.xaml","2059","TextBlock","ImplementThudExpander/StackPanel[1]/Grid[6]/TextBlock[1]","Text","Hum frequency (Hz):",""
"src/TrueforceForAll.Plugin/SettingsControl.xaml","2060","TextBlock","ImplementThudExpander/StackPanel[1]/Grid[6]/TextBlock[1]","ToolTip","The pump's pitch. Sits above the thud's knock so the two read as one mechanism.",""
"src/TrueforceForAll.Plugin/SettingsControl.xaml","2063","TextBox","ImplementThudHumFreqText","Text","46","numeric"
"src/TrueforceForAll.Plugin/SettingsControl.xaml","2067","TextBlock","ImplementThudExpander/StackPanel[1]/Grid[7]/TextBlock[1]","Text","Pitch bend:",""
"src/TrueforceForAll.Plugin/SettingsControl.xaml","2068","TextBlock","ImplementThudExpander/StackPanel[1]/Grid[7]/TextBlock[1]","ToolTip","How far the whine spools up from below its pitch as motion starts, and again as it settles. 0 = flat pitch.",""
"src/TrueforceForAll.Plugin/SettingsControl.xaml","2071","TextBox","ImplementThudBendText","Text","0.15","numeric"
"src/TrueforceForAll.Plugin/SettingsControl.xaml","2075","TextBlock","ImplementThudExpander/StackPanel[1]/Grid[8]/TextBlock[1]","Text","Speed pitch:",""
"src/TrueforceForAll.Plugin/SettingsControl.xaml","2076","TextBlock","ImplementThudExpander/StackPanel[1]/Grid[8]/TextBlock[1]","ToolTip","How much a fast-moving linkage raises the whine's pitch.",""
"src/TrueforceForAll.Plugin/SettingsControl.xaml","2079","TextBox","ImplementThudSpeedPitchText","Text","0.12","numeric"
"src/TrueforceForAll.Plugin/SettingsControl.xaml","2083","TextBlock","ImplementThudExpander/StackPanel[1]/Grid[9]/TextBlock[1]","Text","Speed volume:",""
"src/TrueforceForAll.Plugin/SettingsControl.xaml","2084","TextBlock","ImplementThudExpander/StackPanel[1]/Grid[9]/TextBlock[1]","ToolTip","How much slow hydraulic movement quiets the whine: it swells as motion picks up and fades as it eases into the stop. 0 = constant loudness.",""
"src/TrueforceForAll.Plugin/SettingsControl.xaml","2087","TextBox","ImplementThudSpeedVolText","Text","0.50","numeric"
"src/TrueforceForAll.Plugin/SettingsControl.xaml","2091","TextBlock","ImplementThudExpander/StackPanel[1]/Grid[10]/TextBlock[1]","Text","Octave layer:",""
"src/TrueforceForAll.Plugin/SettingsControl.xaml","2092","TextBlock","ImplementThudExpander/StackPanel[1]/Grid[10]/TextBlock[1]","ToolTip","A higher second tone inside the whine so it reads as machinery, not a pure hum. 0 = single tone.",""
"src/TrueforceForAll.Plugin/SettingsControl.xaml","2095","TextBox","ImplementThudHarmonicText","Text","0.22","numeric"
"src/TrueforceForAll.Plugin/SettingsControl.xaml","2104","CheckBox","AbsEnabledCheck","Content","ABS pulse",""
"src/TrueforceForAll.Plugin/SettingsControl.xaml","2108","TextBlock","AbsNewBadge/TextBlock[1]","Text","NEW",""
"src/TrueforceForAll.Plugin/SettingsControl.xaml","2111","Button","AbsExpander/Expander.Header[1]/StackPanel[1]/Button[1]","Content","Test",""
"src/TrueforceForAll.Plugin/SettingsControl.xaml","2113","TextBlock","AbsUnsupportedBadge","Text","not sent by Forza telemetry",""
"src/TrueforceForAll.Plugin/SettingsControl.xaml","2114","TextBlock","AbsUnsupportedBadge","ToolTip","Forza Horizon's Data Out telemetry doesn't include ABS pump activity, so this effect will stay silent in FH4/FH5/FH6 regardless of the values you set here.",""
"src/TrueforceForAll.Plugin/SettingsControl.xaml","2115","Button","AbsRevertBtn","Content","↶","glyph"
"src/TrueforceForAll.Plugin/SettingsControl.xaml","2116","Button","AbsSaveBtn","Content","Save…",""
"src/TrueforceForAll.Plugin/SettingsControl.xaml","2122","TextBlock","AbsExpander/StackPanel[1]/Grid[1]/TextBlock[1]","Text","Gain:",""
"src/TrueforceForAll.Plugin/SettingsControl.xaml","2125","TextBox","AbsGainText","Text","1.00","numeric"
"src/TrueforceForAll.Plugin/SettingsControl.xaml","2129","TextBlock","AbsExpander/StackPanel[1]/Grid[2]/TextBlock[1]","Text","Waveform:",""
"src/TrueforceForAll.Plugin/SettingsControl.xaml","2131","ComboBoxItem","AbsWaveformCombo/ComboBoxItem[1]","Content","Sine",""
"src/TrueforceForAll.Plugin/SettingsControl.xaml","2131","ComboBoxItem","AbsWaveformCombo/ComboBoxItem[2]","Content","Square",""
"src/TrueforceForAll.Plugin/SettingsControl.xaml","2131","ComboBoxItem","AbsWaveformCombo/ComboBoxItem[3]","Content","Saw",""
"src/TrueforceForAll.Plugin/SettingsControl.xaml","2131","ComboBoxItem","AbsWaveformCombo/ComboBoxItem[4]","Content","Triangle",""
"src/TrueforceForAll.Plugin/SettingsControl.xaml","2131","ComboBoxItem","AbsWaveformCombo/ComboBoxItem[5]","Content","Noise",""
"src/TrueforceForAll.Plugin/SettingsControl.xaml","2136","TextBlock","AbsExpander/StackPanel[1]/Grid[3]/TextBlock[1]","Text","Mode:",""
"src/TrueforceForAll.Plugin/SettingsControl.xaml","2138","ComboBoxItem","AbsModeCombo/ComboBoxItem[1]","Content","Pulse (rhythmic)",""
"src/TrueforceForAll.Plugin/SettingsControl.xaml","2139","ComboBoxItem","AbsModeCombo/ComboBoxItem[2]","Content","Per tick (one click per ABS pump)",""
"src/TrueforceForAll.Plugin/SettingsControl.xaml","2144","TextBlock","AbsExpander/StackPanel[1]/Grid[4]/TextBlock[1]","Text","Frequency (Hz):",""
"src/TrueforceForAll.Plugin/SettingsControl.xaml","2147","TextBox","AbsFreqText","Text","80","numeric"
"src/TrueforceForAll.Plugin/SettingsControl.xaml","2154","TextBlock","AbsPulseControls/Grid[1]/TextBlock[1]","Text","Pulse rate (Hz):",""
"src/TrueforceForAll.Plugin/SettingsControl.xaml","2157","TextBox","AbsPulseFreqText","Text","12","numeric"
"src/TrueforceForAll.Plugin/SettingsControl.xaml","2161","TextBlock","AbsPulseControls/Grid[2]/TextBlock[1]","Text","Pulse length:",""
"src/TrueforceForAll.Plugin/SettingsControl.xaml","2164","TextBox","AbsDutyCycleText","Text","0.40","numeric"
"src/TrueforceForAll.Plugin/SettingsControl.xaml","2176","CheckBox","PitLimiterEnabledCheck","Content","Pit limiter",""
"src/TrueforceForAll.Plugin/SettingsControl.xaml","2178","CheckBox","PitLimiterEnabledCheck","ToolTip","Driven by SimHub's PitLimiterOn property.",""
"src/TrueforceForAll.Plugin/SettingsControl.xaml","2181","TextBlock","PitLimiterNewBadge/TextBlock[1]","Text","NEW",""
"src/TrueforceForAll.Plugin/SettingsControl.xaml","2184","Button","PitLimiterExpander/Expander.Header[1]/StackPanel[1]/Button[1]","Content","Test",""
"src/TrueforceForAll.Plugin/SettingsControl.xaml","2185","Button","PitLimiterRevertBtn","Content","↶","glyph"
"src/TrueforceForAll.Plugin/SettingsControl.xaml","2186","Button","PitLimiterSaveBtn","Content","Save…",""
"src/TrueforceForAll.Plugin/SettingsControl.xaml","2191","TextBlock","PitLimiterExpander/StackPanel[1]/TextBlock[1]","Text","Feels like the engine being cut at low RPM while the pit limiter is engaged: a steady pulse train you can't miss. Works in most racing sims that have a pit lane.",""
"src/TrueforceForAll.Plugin/SettingsControl.xaml","2194","TextBlock","PitLimiterExpander/StackPanel[1]/Grid[1]/TextBlock[1]","Text","Gain:",""
"src/TrueforceForAll.Plugin/SettingsControl.xaml","2197","TextBox","PitLimiterGainText","Text","1.00","numeric"
"src/TrueforceForAll.Plugin/SettingsControl.xaml","2201","TextBlock","PitLimiterExpander/StackPanel[1]/Grid[2]/TextBlock[1]","Text","Waveform:",""
"src/TrueforceForAll.Plugin/SettingsControl.xaml","2203","ComboBoxItem","PitLimiterWaveformCombo/ComboBoxItem[1]","Content","Sine",""
"src/TrueforceForAll.Plugin/SettingsControl.xaml","2203","ComboBoxItem","PitLimiterWaveformCombo/ComboBoxItem[2]","Content","Square",""
"src/TrueforceForAll.Plugin/SettingsControl.xaml","2203","ComboBoxItem","PitLimiterWaveformCombo/ComboBoxItem[3]","Content","Saw",""
"src/TrueforceForAll.Plugin/SettingsControl.xaml","2203","ComboBoxItem","PitLimiterWaveformCombo/ComboBoxItem[4]","Content","Triangle",""
"src/TrueforceForAll.Plugin/SettingsControl.xaml","2203","ComboBoxItem","PitLimiterWaveformCombo/ComboBoxItem[5]","Content","Noise",""
"src/TrueforceForAll.Plugin/SettingsControl.xaml","2208","TextBlock","PitLimiterExpander/StackPanel[1]/Grid[3]/TextBlock[1]","Text","Frequency (Hz):",""
"src/TrueforceForAll.Plugin/SettingsControl.xaml","2209","TextBlock","PitLimiterExpander/StackPanel[1]/Grid[3]/TextBlock[1]","ToolTip","Tone within each pulse. Lower = deeper thud; higher = brighter.",""
"src/TrueforceForAll.Plugin/SettingsControl.xaml","2212","TextBox","PitLimiterFreqText","Text","50","numeric"
"src/TrueforceForAll.Plugin/SettingsControl.xaml","2216","TextBlock","PitLimiterExpander/StackPanel[1]/Grid[4]/TextBlock[1]","Text","Pulse rate (Hz):",""
"src/TrueforceForAll.Plugin/SettingsControl.xaml","2217","TextBlock","PitLimiterExpander/StackPanel[1]/Grid[4]/TextBlock[1]","ToolTip","How fast the pulse opens / closes. 5-10 Hz feels like a real pit limiter cadence.",""
"src/TrueforceForAll.Plugin/SettingsControl.xaml","2220","TextBox","PitLimiterPulseFreqText","Text","6.0","numeric"
"src/TrueforceForAll.Plugin/SettingsControl.xaml","2224","TextBlock","PitLimiterExpander/StackPanel[1]/Grid[5]/TextBlock[1]","Text","Pulse length:",""
"src/TrueforceForAll.Plugin/SettingsControl.xaml","2225","TextBlock","PitLimiterExpander/StackPanel[1]/Grid[5]/TextBlock[1]","ToolTip","How much of each pulse is filled with sound. Higher = more sustained; lower = more punctuated.",""
"src/TrueforceForAll.Plugin/SettingsControl.xaml","2228","TextBox","PitLimiterDutyCycleText","Text","0.60","numeric"
"src/TrueforceForAll.Plugin/SettingsControl.xaml","2232","TextBlock","PitLimiterExpander/StackPanel[1]/Grid[6]/TextBlock[1]","Text","Active amp:",""
"src/TrueforceForAll.Plugin/SettingsControl.xaml","2233","TextBlock","PitLimiterExpander/StackPanel[1]/Grid[6]/TextBlock[1]","ToolTip","Peak amplitude while the limiter is engaged.",""
"src/TrueforceForAll.Plugin/SettingsControl.xaml","2236","TextBox","PitLimiterActiveAmpText","Text","0.30","numeric"
"src/TrueforceForAll.Plugin/SettingsControl.xaml","2247","CheckBox","DrsEnabledCheck","Content","DRS",""
"src/TrueforceForAll.Plugin/SettingsControl.xaml","2249","CheckBox","DrsEnabledCheck","ToolTip","Driven by SimHub's DRSEnabled property.",""
"src/TrueforceForAll.Plugin/SettingsControl.xaml","2252","TextBlock","DrsNewBadge/TextBlock[1]","Text","NEW",""
"src/TrueforceForAll.Plugin/SettingsControl.xaml","2255","Button","DrsExpander/Expander.Header[1]/StackPanel[1]/Button[1]","Content","Test",""
"src/TrueforceForAll.Plugin/SettingsControl.xaml","2256","Button","DrsRevertBtn","Content","↶","glyph"
"src/TrueforceForAll.Plugin/SettingsControl.xaml","2257","Button","DrsSaveBtn","Content","Save…",""
"src/TrueforceForAll.Plugin/SettingsControl.xaml","2262","TextBlock","DrsExpander/StackPanel[1]/TextBlock[1]","Text","A quick chirp the moment DRS opens, then a faint sustained tone while the wing stays open. Silent on games that don't expose DRS.",""
"src/TrueforceForAll.Plugin/SettingsControl.xaml","2265","TextBlock","DrsExpander/StackPanel[1]/Grid[1]/TextBlock[1]","Text","Gain:",""
"src/TrueforceForAll.Plugin/SettingsControl.xaml","2268","TextBox","DrsGainText","Text","1.00","numeric"
"src/TrueforceForAll.Plugin/SettingsControl.xaml","2270","TextBlock","DrsExpander/StackPanel[1]/TextBlock[2]","Text","Activation chirp (rising edge of DRS)",""
"src/TrueforceForAll.Plugin/SettingsControl.xaml","2273","TextBlock","DrsExpander/StackPanel[1]/Grid[2]/TextBlock[1]","Text","Waveform:",""
"src/TrueforceForAll.Plugin/SettingsControl.xaml","2274","TextBlock","DrsExpander/StackPanel[1]/Grid[2]/TextBlock[1]","ToolTip","Shape of the brief blip on the rising edge.",""
"src/TrueforceForAll.Plugin/SettingsControl.xaml","2276","ComboBoxItem","DrsWaveformCombo/ComboBoxItem[1]","Content","Sine",""
"src/TrueforceForAll.Plugin/SettingsControl.xaml","2276","ComboBoxItem","DrsWaveformCombo/ComboBoxItem[2]","Content","Square",""
"src/TrueforceForAll.Plugin/SettingsControl.xaml","2276","ComboBoxItem","DrsWaveformCombo/ComboBoxItem[3]","Content","Saw",""
"src/TrueforceForAll.Plugin/SettingsControl.xaml","2276","ComboBoxItem","DrsWaveformCombo/ComboBoxItem[4]","Content","Triangle",""
"src/TrueforceForAll.Plugin/SettingsControl.xaml","2276","ComboBoxItem","DrsWaveformCombo/ComboBoxItem[5]","Content","Noise",""
"src/TrueforceForAll.Plugin/SettingsControl.xaml","2281","TextBlock","DrsExpander/StackPanel[1]/Grid[3]/TextBlock[1]","Text","Frequency (Hz):",""
"src/TrueforceForAll.Plugin/SettingsControl.xaml","2284","TextBox","DrsActivationFreqText","Text","120","numeric"
"src/TrueforceForAll.Plugin/SettingsControl.xaml","2288","TextBlock","DrsExpander/StackPanel[1]/Grid[4]/TextBlock[1]","Text","Duration (ms):",""
"src/TrueforceForAll.Plugin/SettingsControl.xaml","2291","TextBox","DrsActivationMsText","Text","60","numeric"
"src/TrueforceForAll.Plugin/SettingsControl.xaml","2295","TextBlock","DrsExpander/StackPanel[1]/Grid[5]/TextBlock[1]","Text","Amp:",""
"src/TrueforceForAll.Plugin/SettingsControl.xaml","2298","TextBox","DrsActivationAmpText","Text","0.30","numeric"
"src/TrueforceForAll.Plugin/SettingsControl.xaml","2300","TextBlock","DrsExpander/StackPanel[1]/TextBlock[3]","Text","Sustained tone (while DRS held open). Set amp to 0 for chirp-only mode.",""
"src/TrueforceForAll.Plugin/SettingsControl.xaml","2303","TextBlock","DrsExpander/StackPanel[1]/Grid[6]/TextBlock[1]","Text","Waveform:",""
"src/TrueforceForAll.Plugin/SettingsControl.xaml","2304","TextBlock","DrsExpander/StackPanel[1]/Grid[6]/TextBlock[1]","ToolTip","Shape of the held trail. Independent from the activation chirp so a sharp Square blip can have a softer Sine trail.",""
"src/TrueforceForAll.Plugin/SettingsControl.xaml","2306","ComboBoxItem","DrsSustainedWaveformCombo/ComboBoxItem[1]","Content","Sine",""
"src/TrueforceForAll.Plugin/SettingsControl.xaml","2306","ComboBoxItem","DrsSustainedWaveformCombo/ComboBoxItem[2]","Content","Square",""
"src/TrueforceForAll.Plugin/SettingsControl.xaml","2306","ComboBoxItem","DrsSustainedWaveformCombo/ComboBoxItem[3]","Content","Saw",""
"src/TrueforceForAll.Plugin/SettingsControl.xaml","2306","ComboBoxItem","DrsSustainedWaveformCombo/ComboBoxItem[4]","Content","Triangle",""
"src/TrueforceForAll.Plugin/SettingsControl.xaml","2306","ComboBoxItem","DrsSustainedWaveformCombo/ComboBoxItem[5]","Content","Noise",""
"src/TrueforceForAll.Plugin/SettingsControl.xaml","2311","TextBlock","DrsExpander/StackPanel[1]/Grid[7]/TextBlock[1]","Text","Frequency (Hz):",""
"src/TrueforceForAll.Plugin/SettingsControl.xaml","2314","TextBox","DrsSustainedFreqText","Text","70","numeric"
"src/TrueforceForAll.Plugin/SettingsControl.xaml","2318","TextBlock","DrsExpander/StackPanel[1]/Grid[8]/TextBlock[1]","Text","Amp:",""
"src/TrueforceForAll.Plugin/SettingsControl.xaml","2321","TextBox","DrsSustainedAmpText","Text","0.12","numeric"
"src/TrueforceForAll.Plugin/SettingsControl.xaml","2334","CheckBox","CollisionEnabledCheck","Content","Collision",""
"src/TrueforceForAll.Plugin/SettingsControl.xaml","2336","CheckBox","CollisionEnabledCheck","ToolTip","Project CARS 2 supplies its native impact magnitude; other games derive it from sudden acceleration spikes above about 5g, well above hard cornering or curbs.",""
"src/TrueforceForAll.Plugin/SettingsControl.xaml","2339","TextBlock","CollisionNewBadge/TextBlock[1]","Text","NEW",""
"src/TrueforceForAll.Plugin/SettingsControl.xaml","2342","Button","CollisionExpander/Expander.Header[1]/StackPanel[1]/Button[1]","Content","Test",""
"src/TrueforceForAll.Plugin/SettingsControl.xaml","2343","Button","CollisionRevertBtn","Content","↶","glyph"
"src/TrueforceForAll.Plugin/SettingsControl.xaml","2344","Button","CollisionSaveBtn","Content","Save…",""
"src/TrueforceForAll.Plugin/SettingsControl.xaml","2349","TextBlock","CollisionExpander/StackPanel[1]/TextBlock[1]","Text","A thud on impact that hits harder the bigger the crash.",""
"src/TrueforceForAll.Plugin/SettingsControl.xaml","2352","TextBlock","CollisionExpander/StackPanel[1]/Grid[1]/TextBlock[1]","Text","Gain:",""
"src/TrueforceForAll.Plugin/SettingsControl.xaml","2355","TextBox","CollisionGainText","Text","1.00","numeric"
"src/TrueforceForAll.Plugin/SettingsControl.xaml","2359","TextBlock","CollisionExpander/StackPanel[1]/Grid[2]/TextBlock[1]","Text","Min threshold:",""
"src/TrueforceForAll.Plugin/SettingsControl.xaml","2360","TextBlock","CollisionExpander/StackPanel[1]/Grid[2]/TextBlock[1]","ToolTip","Lower = lighter contacts trigger. Raise if light scrapes are too noisy.",""
"src/TrueforceForAll.Plugin/SettingsControl.xaml","2363","TextBox","CollisionMinThresholdText","Text","0.20","numeric"
"src/TrueforceForAll.Plugin/SettingsControl.xaml","2367","TextBlock","CollisionExpander/StackPanel[1]/Grid[3]/TextBlock[1]","Text","Max amplitude:",""
"src/TrueforceForAll.Plugin/SettingsControl.xaml","2368","TextBlock","CollisionExpander/StackPanel[1]/Grid[3]/TextBlock[1]","ToolTip","Cap on the loudest hit. Safety knob for wrists / wheelbase.",""
"src/TrueforceForAll.Plugin/SettingsControl.xaml","2371","TextBox","CollisionMaxAmpText","Text","0.85","numeric"
"src/TrueforceForAll.Plugin/SettingsControl.xaml","2375","TextBlock","CollisionExpander/StackPanel[1]/Grid[4]/TextBlock[1]","Text","Frequency (Hz):",""
"src/TrueforceForAll.Plugin/SettingsControl.xaml","2376","TextBlock","CollisionExpander/StackPanel[1]/Grid[4]/TextBlock[1]","ToolTip","Lower = deeper thud. 50 Hz default.",""
"src/TrueforceForAll.Plugin/SettingsControl.xaml","2379","TextBox","CollisionFreqText","Text","50","numeric"
"src/TrueforceForAll.Plugin/SettingsControl.xaml","2383","TextBlock","CollisionExpander/StackPanel[1]/Grid[5]/TextBlock[1]","Text","Duration (ms):",""
"src/TrueforceForAll.Plugin/SettingsControl.xaml","2386","TextBox","CollisionEnvelopeMsText","Text","120","numeric"
"src/TrueforceForAll.Plugin/SettingsControl.xaml","2390","TextBlock","CollisionExpander/StackPanel[1]/Grid[6]/TextBlock[1]","Text","Waveform:",""
"src/TrueforceForAll.Plugin/SettingsControl.xaml","2391","TextBlock","CollisionExpander/StackPanel[1]/Grid[6]/TextBlock[1]","ToolTip","Shape of the impact thud. Square is the punchiest; Sine is softer.",""
"src/TrueforceForAll.Plugin/SettingsControl.xaml","2393","ComboBoxItem","CollisionWaveformCombo/ComboBoxItem[1]","Content","Sine",""
"src/TrueforceForAll.Plugin/SettingsControl.xaml","2393","ComboBoxItem","CollisionWaveformCombo/ComboBoxItem[2]","Content","Square",""
"src/TrueforceForAll.Plugin/SettingsControl.xaml","2393","ComboBoxItem","CollisionWaveformCombo/ComboBoxItem[3]","Content","Saw",""
"src/TrueforceForAll.Plugin/SettingsControl.xaml","2393","ComboBoxItem","CollisionWaveformCombo/ComboBoxItem[4]","Content","Triangle",""
"src/TrueforceForAll.Plugin/SettingsControl.xaml","2393","ComboBoxItem","CollisionWaveformCombo/ComboBoxItem[5]","Content","Noise",""
"src/TrueforceForAll.Plugin/SettingsControl.xaml","2407","CheckBox","RevLimiterEnabledCheck","Content","Redline buzz",""
"src/TrueforceForAll.Plugin/SettingsControl.xaml","2411","TextBlock","RevLimiterNewBadge/TextBlock[1]","Text","NEW",""
"src/TrueforceForAll.Plugin/SettingsControl.xaml","2414","Button","RevLimiterExpander/Expander.Header[1]/StackPanel[1]/Button[1]","Content","Test",""
"src/TrueforceForAll.Plugin/SettingsControl.xaml","2415","Button","RevLimiterRevertBtn","Content","↶","glyph"
"src/TrueforceForAll.Plugin/SettingsControl.xaml","2416","Button","RevLimiterSaveBtn","Content","Save…",""
"src/TrueforceForAll.Plugin/SettingsControl.xaml","2421","TextBlock","RevLimiterExpander/StackPanel[1]/TextBlock[1]","Text","A hard buzz when you enter the redline start: an unmistakable shift cue. If it fires at the wrong RPM, fix the redline start in Car facts.",""
"src/TrueforceForAll.Plugin/SettingsControl.xaml","2424","TextBlock","RevLimiterExpander/StackPanel[1]/Grid[1]/TextBlock[1]","Text","Gain:",""
"src/TrueforceForAll.Plugin/SettingsControl.xaml","2427","TextBox","RevLimiterGainText","Text","0.10","numeric"
"src/TrueforceForAll.Plugin/SettingsControl.xaml","2447","Run","RedlineGuessBadge/StackPanel[1]/TextBlock[1]/Run[1]","#text","Estimated redline.",""
"src/TrueforceForAll.Plugin/SettingsControl.xaml","2448","Run","RedlineGuessBadge/StackPanel[1]/TextBlock[1]/Run[2]","#text","The buzz is firing at 85% of max RPM because no one has confirmed the real redline start yet (where the tachometer turns red). Set it so the shift cue lands right.",""
"src/TrueforceForAll.Plugin/SettingsControl.xaml","2452","Hyperlink","RedlineGuessSetValueLink","#text","Set the redline start",""
"src/TrueforceForAll.Plugin/SettingsControl.xaml","2464","TextBlock","RevLimiterOffsetRow/TextBlock[1]","Text","Redline offset:",""
"src/TrueforceForAll.Plugin/SettingsControl.xaml","2465","TextBlock","RevLimiterOffsetRow/TextBlock[1]","ToolTip","Shift the engage point relative to the car's redline. Negative fires the buzz before the redline (an early shift cue); positive fires it after. 0 = right at the redline.",""
"src/TrueforceForAll.Plugin/SettingsControl.xaml","2468","TextBox","RevLimiterOffsetText","Text","0","numeric"
"src/TrueforceForAll.Plugin/SettingsControl.xaml","2472","TextBlock","RevLimiterExpander/StackPanel[1]/Grid[3]/TextBlock[1]","Text","Waveform:",""
"src/TrueforceForAll.Plugin/SettingsControl.xaml","2474","ComboBoxItem","RevLimiterWaveformCombo/ComboBoxItem[1]","Content","Sine",""
"src/TrueforceForAll.Plugin/SettingsControl.xaml","2474","ComboBoxItem","RevLimiterWaveformCombo/ComboBoxItem[2]","Content","Square",""
"src/TrueforceForAll.Plugin/SettingsControl.xaml","2474","ComboBoxItem","RevLimiterWaveformCombo/ComboBoxItem[3]","Content","Saw",""
"src/TrueforceForAll.Plugin/SettingsControl.xaml","2474","ComboBoxItem","RevLimiterWaveformCombo/ComboBoxItem[4]","Content","Triangle",""
"src/TrueforceForAll.Plugin/SettingsControl.xaml","2474","ComboBoxItem","RevLimiterWaveformCombo/ComboBoxItem[5]","Content","Noise",""
"src/TrueforceForAll.Plugin/SettingsControl.xaml","2479","TextBlock","RevLimiterExpander/StackPanel[1]/Grid[4]/TextBlock[1]","Text","Frequency (Hz):",""
"src/TrueforceForAll.Plugin/SettingsControl.xaml","2480","TextBlock","RevLimiterExpander/StackPanel[1]/Grid[4]/TextBlock[1]","ToolTip","Tone within each pulse. Higher reads as a more urgent buzz.",""
"src/TrueforceForAll.Plugin/SettingsControl.xaml","2483","TextBox","RevLimiterFreqText","Text","90","numeric"
"src/TrueforceForAll.Plugin/SettingsControl.xaml","2487","TextBlock","RevLimiterExpander/StackPanel[1]/Grid[5]/TextBlock[1]","Text","Pulse rate (Hz):",""
"src/TrueforceForAll.Plugin/SettingsControl.xaml","2488","TextBlock","RevLimiterExpander/StackPanel[1]/Grid[5]/TextBlock[1]","ToolTip","How fast the buzz stutters. Faster feels like an aggressive soft-cut limiter.",""
"src/TrueforceForAll.Plugin/SettingsControl.xaml","2491","TextBox","RevLimiterPulseFreqText","Text","20.0","numeric"
"src/TrueforceForAll.Plugin/SettingsControl.xaml","2495","TextBlock","RevLimiterExpander/StackPanel[1]/Grid[6]/TextBlock[1]","Text","Pulse length:",""
"src/TrueforceForAll.Plugin/SettingsControl.xaml","2496","TextBlock","RevLimiterExpander/StackPanel[1]/Grid[6]/TextBlock[1]","ToolTip","How much of each pulse is filled with sound. Higher = more sustained; lower = more punctuated.",""
"src/TrueforceForAll.Plugin/SettingsControl.xaml","2499","TextBox","RevLimiterDutyCycleText","Text","0.50","numeric"
"src/TrueforceForAll.Plugin/SettingsControl.xaml","2503","TextBlock","RevLimiterExpander/StackPanel[1]/Grid[7]/TextBlock[1]","Text","Active amp:",""
"src/TrueforceForAll.Plugin/SettingsControl.xaml","2504","TextBlock","RevLimiterExpander/StackPanel[1]/Grid[7]/TextBlock[1]","ToolTip","Peak amplitude while engaged.",""
"src/TrueforceForAll.Plugin/SettingsControl.xaml","2507","TextBox","RevLimiterActiveAmpText","Text","0.35","numeric"
"src/TrueforceForAll.Plugin/SettingsControl.xaml","2516","TextBlock","TelemetryEffectsPanel/Border[1]/TextBlock[1]","Text","Ducking",""
"src/TrueforceForAll.Plugin/SettingsControl.xaml","2530","CheckBox","AirborneEnabledCheck","Content","Airborne ducking",""
"src/TrueforceForAll.Plugin/SettingsControl.xaml","2532","CheckBox","AirborneEnabledCheck","ToolTip","Everything comes back the moment you land. The checkboxes below choose which effects are cut; the engine keeps pulsing by default, since it's still revving.",""
"src/TrueforceForAll.Plugin/SettingsControl.xaml","2535","TextBlock","AirborneNewBadge/TextBlock[1]","Text","NEW",""
"src/TrueforceForAll.Plugin/SettingsControl.xaml","2537","Button","AirborneRevertBtn","Content","↶","glyph"
"src/TrueforceForAll.Plugin/SettingsControl.xaml","2538","Button","AirborneSaveBtn","Content","Save…",""
"src/TrueforceForAll.Plugin/SettingsControl.xaml","2543","TextBlock","AirborneExpander/StackPanel[1]/TextBlock[1]","Text","Cuts vibrations while the car is in the air, so a jump feels weightless. Works in Assetto Corsa, Forza, and Farming Simulator (with the TF4ALL Enhanced Telemetry mod), and does nothing in other games.",""
"src/TrueforceForAll.Plugin/SettingsControl.xaml","2546","TextBlock","AirborneExpander/StackPanel[1]/Grid[1]/TextBlock[1]","Text","Reduction:",""
"src/TrueforceForAll.Plugin/SettingsControl.xaml","2547","TextBlock","AirborneExpander/StackPanel[1]/Grid[1]/TextBlock[1]","ToolTip","How far to turn the chosen effects down while airborne. 100% = fully silent; lower values just dial them back.",""
"src/TrueforceForAll.Plugin/SettingsControl.xaml","2550","TextBox","AirborneReductionText","Text","100%","numeric"
"src/TrueforceForAll.Plugin/SettingsControl.xaml","2552","TextBlock","AirborneExpander/StackPanel[1]/TextBlock[2]","Text","Duck these while airborne:",""
"src/TrueforceForAll.Plugin/SettingsControl.xaml","2554","CheckBox","AirborneDuckEngineCheck","Content","Engine pulse",""
"src/TrueforceForAll.Plugin/SettingsControl.xaml","2555","CheckBox","AirborneDuckAudioCheck","Content","Captured audio",""
"src/TrueforceForAll.Plugin/SettingsControl.xaml","2556","CheckBox","AirborneDuckRoadBumpsCheck","Content","Road bumps",""
"src/TrueforceForAll.Plugin/SettingsControl.xaml","2557","CheckBox","AirborneDuckTractionCheck","Content","Traction loss",""
"src/TrueforceForAll.Plugin/SettingsControl.xaml","2558","CheckBox","AirborneDuckRevLimiterCheck","Content","Redline buzz",""
"src/TrueforceForAll.Plugin/SettingsControl.xaml","2559","CheckBox","AirborneDuckGearShiftCheck","Content","Gear shift",""
"src/TrueforceForAll.Plugin/SettingsControl.xaml","2560","CheckBox","AirborneDuckAbsCheck","Content","ABS",""
"src/TrueforceForAll.Plugin/SettingsControl.xaml","2561","CheckBox","AirborneDuckPitLimiterCheck","Content","Pit limiter",""
"src/TrueforceForAll.Plugin/SettingsControl.xaml","2562","CheckBox","AirborneDuckDrsCheck","Content","DRS",""
"src/TrueforceForAll.Plugin/SettingsControl.xaml","2563","CheckBox","AirborneDuckCollisionCheck","Content","Collision",""
"src/TrueforceForAll.Plugin/SettingsControl.xaml","2575","CheckBox","DuckingEnabledCheck","Content","Sidechain ducking",""
"src/TrueforceForAll.Plugin/SettingsControl.xaml","2578","Button","DuckingRevertBtn","Content","↶","glyph"
"src/TrueforceForAll.Plugin/SettingsControl.xaml","2579","Button","DuckingSaveBtn","Content","Save…",""
"src/TrueforceForAll.Plugin/SettingsControl.xaml","2584","TextBlock","DuckingExpander/StackPanel[1]/TextBlock[1]","Text","When transient effects (gear shift, ABS, road bumps, traction loss) fire, continuous effects (engine pulse, audio capture) duck to make room.",""
"src/TrueforceForAll.Plugin/SettingsControl.xaml","2587","TextBlock","DuckingExpander/StackPanel[1]/Grid[1]/TextBlock[1]","Text","Depth:",""
"src/TrueforceForAll.Plugin/SettingsControl.xaml","2591","TextBox","DuckDepthText","Text","0.50","numeric"
"src/TrueforceForAll.Plugin/SettingsControl.xaml","2595","TextBlock","AdvancedDuckingExpander/Expander.Header[1]/TextBlock[1]","Text","Advanced (Envelope)",""
"src/TrueforceForAll.Plugin/SettingsControl.xaml","2600","TextBlock","AdvancedDuckingExpander/StackPanel[1]/Grid[1]/TextBlock[1]","Text","Attack (ms):",""
"src/TrueforceForAll.Plugin/SettingsControl.xaml","2604","TextBox","DuckAttackText","Text","5","numeric"
"src/TrueforceForAll.Plugin/SettingsControl.xaml","2608","TextBlock","AdvancedDuckingExpander/StackPanel[1]/Grid[2]/TextBlock[1]","Text","Release (ms):",""
"src/TrueforceForAll.Plugin/SettingsControl.xaml","2612","TextBox","DuckReleaseText","Text","80","numeric"
"src/TrueforceForAll.Plugin/SettingsControl.xaml","2614","CheckBox","DuckFrequencyAwareCheck","Content","Frequency-aware ducking",""
"src/TrueforceForAll.Plugin/SettingsControl.xaml","2616","CheckBox","DuckFrequencyAwareCheck","ToolTip","Grip textures always win their band, so a slide stays crisp through the engine pulse instead of blending into it.",""
"src/TrueforceForAll.Plugin/SettingsControl.xaml","2619","TextBlock","AdvancedDuckingExpander/StackPanel[1]/TextBlock[1]","Text","Only ducks effects that overlap in frequency.",""
"src/TrueforceForAll.Plugin/SettingsControl.xaml","2634","TextBlock","EffectsTab/ScrollViewer[1]/StackPanel[1]/Border[3]/TextBlock[1]","Text","Output",""
"src/TrueforceForAll.Plugin/SettingsControl.xaml","2638","CheckBox","TrueforceEqEnabledCheck","Content","Trueforce EQ",""
"src/TrueforceForAll.Plugin/SettingsControl.xaml","2640","CheckBox","TrueforceEqEnabledCheck","ToolTip","Boost or cut the plugin's vibration at specific frequencies. Pull a band down where your wheel or rig rings or rattles.",""
"src/TrueforceForAll.Plugin/SettingsControl.xaml","2643","TextBlock","TrueforceEqNewBadge/TextBlock[1]","Text","NEW",""
"src/TrueforceForAll.Plugin/SettingsControl.xaml","2648","Button","TrueforceEqUndoButton","Content","↶","glyph"
"src/TrueforceForAll.Plugin/SettingsControl.xaml","2649","Button","TrueforceEqUndoButton","ToolTip","Undo the last change to the curve. Ctrl+Z in the graph does the same.",""
"src/TrueforceForAll.Plugin/SettingsControl.xaml","2654","TextBlock","TrueforceEqExpander/StackPanel[1]/TextBlock[1]","Text","Tames the frequencies that make your wheel or rig rattle, or lifts the ones it barely renders. Applies in every game and preset. Drag a point to move it, scroll on it for width, double-click to add a band, right-click to remove one.",""
"src/TrueforceForAll.Plugin/SettingsControl.xaml","2657","Border","TrueforceEqCurveHost","ToolTip","Arrow keys nudge the selected point, Shift for bigger steps. Alt + drag changes a bell's width. Delete removes the point. Ctrl+Z undoes. The blue bars are the live spectrum of what the wheel gets; the pale line is before the EQ.",""
"src/TrueforceForAll.Plugin/SettingsControl.xaml","2660","Button","TrueforceEqAddBandButton","Content","Add band",""
"src/TrueforceForAll.Plugin/SettingsControl.xaml","2661","Button","TrueforceEqAddBandButton","ToolTip","Adds a flat bell at 100 Hz. Drag it where the rattle is.",""
"src/TrueforceForAll.Plugin/SettingsControl.xaml","2662","Button","TrueforceEqAuditionButton","Content","Audition",""
"src/TrueforceForAll.Plugin/SettingsControl.xaml","2663","Button","TrueforceEqAuditionButton","ToolTip","Plays a 1.5 s tone at the selected point's frequency through the EQ, so you can feel the resonance and whether the cut tames it. Click a point first.",""
"src/TrueforceForAll.Plugin/SettingsControl.xaml","2664","Button","TrueforceEqResetButton","Content","Reset to flat",""
"src/TrueforceForAll.Plugin/SettingsControl.xaml","2665","Button","TrueforceEqResetButton","ToolTip","Back to the six flat bands.",""
"src/TrueforceForAll.Plugin/SettingsControl.xaml","2681","TextBlock","EffectsTab/ScrollViewer[1]/StackPanel[1]/StackPanel[2]/TextBlock[1]","Text","Something feel broken or just off?",""
"src/TrueforceForAll.Plugin/SettingsControl.xaml","2682","Button","EffectsReportIssueButton","Content","Report an issue…",""
"src/TrueforceForAll.Plugin/SettingsControl.xaml","2685","Button","EffectsReportIssueButton","ToolTip","Opens a new GitHub issue. Pre-fills your plugin version and active game, and offers to bundle logs.",""
"src/TrueforceForAll.Plugin/SettingsControl.xaml","2697","sh:SHTabItem","TelemetryFfbTab","Header","Telemetry FFB",""
"src/TrueforceForAll.Plugin/SettingsControl.xaml","2707","TextBlock","FfbScaleRow/TextBlock[1]","Text","FFB scale:",""
"src/TrueforceForAll.Plugin/SettingsControl.xaml","2711","TextBox","FfbScaleText","Text","1.00","numeric"
"src/TrueforceForAll.Plugin/SettingsControl.xaml","2715","TextBlock","TeleFfbSectionHeader","Text","Telemetry Based FFB",""
"src/TrueforceForAll.Plugin/SettingsControl.xaml","2733","TextBlock","FsModBannerText","Text","Install the TF4ALL Enhanced Telemetry mod for richer force feedback in Farming Simulator.",""
"src/TrueforceForAll.Plugin/SettingsControl.xaml","2734","Button","FsModInstallButton","Content","Install",""
"src/TrueforceForAll.Plugin/SettingsControl.xaml","2750","TextBlock","ModeBUnsupportedBadge/StackPanel[1]/TextBlock[1]","Text","ⓘ","glyph"
"src/TrueforceForAll.Plugin/SettingsControl.xaml","2754","TextBlock","ModeBUnsupportedBadgeText","Text","","empty"
"src/TrueforceForAll.Plugin/SettingsControl.xaml","2772","TextBlock","ArcadeTuningHeader","Text","Arcade cabinet",""
"src/TrueforceForAll.Plugin/SettingsControl.xaml","2774","TextBlock","ArcadeTuningStatus","Text","","empty"
"src/TrueforceForAll.Plugin/SettingsControl.xaml","2778","TextBlock","ArcadeTuningPanel/Grid[1]/TextBlock[1]","Text","Weak force lift:",""
"src/TrueforceForAll.Plugin/SettingsControl.xaml","2779","TextBlock","ArcadeTuningPanel/Grid[1]/TextBlock[1]","ToolTip","Raises the quiet forces without touching the loud ones, for a cabinet whose output is too light on a strong wheel.",""
"src/TrueforceForAll.Plugin/SettingsControl.xaml","2782","Slider","ArcadeMinForceSlider","ToolTip","Raises the quiet forces without touching the loud ones, for a cabinet whose output is too light on a strong wheel.",""
"src/TrueforceForAll.Plugin/SettingsControl.xaml","2783","TextBox","ArcadeMinForceBox","Text","0","numeric"
"src/TrueforceForAll.Plugin/SettingsControl.xaml","2786","TextBlock","ArcadeTuningPanel/TextBlock[3]","Text","Percent. Lifts the quiet forces, leaves the loud ones alone.",""
"src/TrueforceForAll.Plugin/SettingsControl.xaml","2790","TextBlock","ArcadeTuningPanel/Grid[2]/TextBlock[1]","Text","Waveform strength:",""
"src/TrueforceForAll.Plugin/SettingsControl.xaml","2791","TextBlock","ArcadeTuningPanel/Grid[2]/TextBlock[1]","ToolTip","Scales only the buzz and rumble this cabinet plays. The steering force is left alone, so a wheel set strong enough for the steering can still have a quieter buzz.",""
"src/TrueforceForAll.Plugin/SettingsControl.xaml","2794","Slider","ArcadeWaveGainSlider","ToolTip","Scales only the buzz and rumble this cabinet plays. The steering force is left alone, so a wheel set strong enough for the steering can still have a quieter buzz.",""
"src/TrueforceForAll.Plugin/SettingsControl.xaml","2795","TextBox","ArcadeWaveGainBox","Text","100","numeric"
"src/TrueforceForAll.Plugin/SettingsControl.xaml","2798","TextBlock","ArcadeTuningPanel/TextBlock[4]","Text","Percent. The buzz and rumble only; the steering force keeps its own strength.",""
"src/TrueforceForAll.Plugin/SettingsControl.xaml","2802","TextBlock","ArcadeTuningPanel/Grid[3]/TextBlock[1]","Text","Force linger:",""
"src/TrueforceForAll.Plugin/SettingsControl.xaml","2803","TextBlock","ArcadeTuningPanel/Grid[3]/TextBlock[1]","ToolTip","How long the steering force and the spring keep acting after the game stops sending them. Rumble and friction set their own and ignore this.",""
"src/TrueforceForAll.Plugin/SettingsControl.xaml","2806","Slider","ArcadeHoldMsSlider","ToolTip","How long the steering force and the spring keep acting after the game stops sending them. Rumble and friction set their own and ignore this.",""
"src/TrueforceForAll.Plugin/SettingsControl.xaml","2807","TextBox","ArcadeHoldMsBox","Text","0","numeric"
"src/TrueforceForAll.Plugin/SettingsControl.xaml","2810","TextBlock","ArcadeTuningPanel/TextBlock[5]","Text","Milliseconds, the game's own setting, written to its FFBPlugin.ini. It is what the game uses when you run it without SimHub. The two holds below override it here.",""
"src/TrueforceForAll.Plugin/SettingsControl.xaml","2815","TextBlock","ArcadeTuningPanel/Grid[4]/TextBlock[1]","Text","Steady force hold:",""
"src/TrueforceForAll.Plugin/SettingsControl.xaml","2816","TextBlock","ArcadeTuningPanel/Grid[4]/TextBlock[1]","ToolTip","How long the steering force, the spring and the damper keep acting after the cabinet stops sending them. 0 follows Force linger.",""
"src/TrueforceForAll.Plugin/SettingsControl.xaml","2819","Slider","ArcadeSteerHoldSlider","ToolTip","How long the steering force, the spring and the damper keep acting after the cabinet stops sending them. 0 follows Force linger.",""
"src/TrueforceForAll.Plugin/SettingsControl.xaml","2820","TextBox","ArcadeSteerHoldBox","Text","0","numeric"
"src/TrueforceForAll.Plugin/SettingsControl.xaml","2823","TextBlock","ArcadeTuningPanel/TextBlock[6]","Text","Milliseconds, for the steering force, spring and damper. 50 is what the cabinet commands. Higher keeps weight in the wheel but holds a force the game already cancelled.",""
"src/TrueforceForAll.Plugin/SettingsControl.xaml","2827","TextBlock","ArcadeTuningPanel/Grid[5]/TextBlock[1]","Text","Vibration hold:",""
"src/TrueforceForAll.Plugin/SettingsControl.xaml","2828","TextBlock","ArcadeTuningPanel/Grid[5]/TextBlock[1]","ToolTip","How long the buzz keeps playing after the cabinet stops sending it. 0 follows the length the game asks for, which is one cycle.",""
"src/TrueforceForAll.Plugin/SettingsControl.xaml","2831","Slider","ArcadeVibHoldSlider","ToolTip","How long the buzz keeps playing after the cabinet stops sending it. 0 follows the length the game asks for, which is one cycle.",""
"src/TrueforceForAll.Plugin/SettingsControl.xaml","2832","TextBox","ArcadeVibHoldBox","Text","0","numeric"
"src/TrueforceForAll.Plugin/SettingsControl.xaml","2835","TextBlock","ArcadeTuningPanel/TextBlock[7]","Text","Milliseconds, buzz only. 0 plays each cycle as sent; raise it to smooth a stuttery buzz.",""
"src/TrueforceForAll.Plugin/SettingsControl.xaml","2838","TextBlock","ArcadeTuningFooter","Text","These take effect straight away, without restarting the game. FFB scale and smoothing are the controls above, and each cabinet keeps its own.",""
"src/TrueforceForAll.Plugin/SettingsControl.xaml","2849","TextBlock","ModeBIntroText","Text","The wheel's steering force is built from telemetry instead of the game's own FFB. Works in Forza Motorsport (2023) and Forza Horizon 4, 5, and 6. Set the game's force feedback and vibration to 0 so this is the only force on the wheel. Farming Simulator 22 and 25 are supported too, through the spring option below.",""
"src/TrueforceForAll.Plugin/SettingsControl.xaml","2856","Hyperlink","ModeBIntroLink/Hyperlink[1]","ToolTip","What Telemetry Based FFB does, and what to set in the game first.",""
"src/TrueforceForAll.Plugin/SettingsControl.xaml","2856","Hyperlink","ModeBIntroLink/Hyperlink[1]","#text","Setup instructions",""
"src/TrueforceForAll.Plugin/SettingsControl.xaml","2864","TextBlock","ModeBContentionWarning","Text","The game is still sending its own force feedback, so two force streams are fighting and the wheel will feel jumpy or buzzy. In the game's wheel settings, set force feedback and vibration strength to 0 so this is the only force on the wheel.",""
"src/TrueforceForAll.Plugin/SettingsControl.xaml","2880","TextBlock","ModeBSlipStarvedWarning/TextBlock[1]","Text","Telemetry Based FFB is on, but the game's telemetry is not reaching this plugin. In the game's Data Out settings, send telemetry to the plugin's port, then enable forwarding to SimHub. The Set up button shows the steps.",""
"src/TrueforceForAll.Plugin/SettingsControl.xaml","2881","Button","ModeBSlipStarvedSetupButton","Content","Set up…",""
"src/TrueforceForAll.Plugin/SettingsControl.xaml","2885","Button","ModeBSlipStarvedSetupButton","ToolTip","Jump to the Forza telemetry setup.",""
"src/TrueforceForAll.Plugin/SettingsControl.xaml","2888","CheckBox","ModeBEnabledCheck","Content","Enable Telemetry Based FFB for this game",""
"src/TrueforceForAll.Plugin/SettingsControl.xaml","2889","CheckBox","ModeBEnabledCheck","ToolTip","Remembered per game, for whichever game is running.",""
"src/TrueforceForAll.Plugin/SettingsControl.xaml","2892","TextBlock","ModeBGameNote","Text","Enable this per game, for whichever game is running. Set that game's own force feedback and vibration to 0.",""
"src/TrueforceForAll.Plugin/SettingsControl.xaml","2909","TextBlock","ModeBForzaTuningPanel/Grid[1]/TextBlock[1]","Text","Strength:",""
"src/TrueforceForAll.Plugin/SettingsControl.xaml","2912","TextBox","ModeBStrengthText","Text","0.50","numeric"
"src/TrueforceForAll.Plugin/SettingsControl.xaml","2914","TextBlock","ModeBForzaTuningPanel/TextBlock[1]","Text","Overall steering force. Your wheel's defaults set the starting point.",""
"src/TrueforceForAll.Plugin/SettingsControl.xaml","2916","CheckBox","ModeBAutoStrengthCheck","Content","Auto strength per car",""
"src/TrueforceForAll.Plugin/SettingsControl.xaml","2917","CheckBox","ModeBAutoStrengthCheck","ToolTip","Learns how hard each car pushes the wheel, then scales it to match your Strength setting.",""
"src/TrueforceForAll.Plugin/SettingsControl.xaml","2919","TextBlock","ModeBForzaTuningPanel/TextBlock[2]","Text","Levels cars out so every car lands at the heaviness your Strength slider sets. The trade: cars stop feeling lighter or heavier than each other. Takes a few laps per car to settle.",""
"src/TrueforceForAll.Plugin/SettingsControl.xaml","2926","TextBlock","ModeBAutoStrengthStatus","Text","","empty"
"src/TrueforceForAll.Plugin/SettingsControl.xaml","2931","Button","ModeBRelearnBtn","Content","Re-learn car",""
"src/TrueforceForAll.Plugin/SettingsControl.xaml","2933","Button","ModeBRelearnBtn","ToolTip","Forget what this car has learned and start again. Use it after a tune or a tire change makes the wheel feel wrong. This also clears the car's learned grip calibration.",""
"src/TrueforceForAll.Plugin/SettingsControl.xaml","2938","TextBlock","ModeBForzaTuningPanel/Grid[3]/TextBlock[1]","Text","Min force:",""
"src/TrueforceForAll.Plugin/SettingsControl.xaml","2941","Slider","ModeBMinForceSlider","ToolTip","Raising it lifts faint cues above the wheel's own friction and brings the average force up, so a belt-driven wheel like the G923 feels stronger overall.",""
"src/TrueforceForAll.Plugin/SettingsControl.xaml","2942","TextBox","ModeBMinForceText","Text","0.05","numeric"
"src/TrueforceForAll.Plugin/SettingsControl.xaml","2944","TextBlock","ModeBForzaTuningPanel/TextBlock[3]","Text","The smallest force your wheel will play.",""
"src/TrueforceForAll.Plugin/SettingsControl.xaml","2946","TextBlock","ModeBForzaTuningPanel/TextBlock[4]","Text","Steering feel",""
"src/TrueforceForAll.Plugin/SettingsControl.xaml","2950","TextBlock","ModeBForzaTuningPanel/Grid[4]/TextBlock[1]","Text","Cornering weight:",""
"src/TrueforceForAll.Plugin/SettingsControl.xaml","2953","TextBox","ModeBLatText","Text","0.60","numeric"
"src/TrueforceForAll.Plugin/SettingsControl.xaml","2955","TextBlock","ModeBForzaTuningPanel/TextBlock[5]","Text","Extra weight per g of cornering load. Fast sweepers get heavy, slow hairpins stay light. 0 = off.",""
"src/TrueforceForAll.Plugin/SettingsControl.xaml","2966","TextBlock","SpringEssentialsPanel/Grid[1]/TextBlock[1]","Text","Strength:",""
"src/TrueforceForAll.Plugin/SettingsControl.xaml","2969","Slider","SpringStrengthSlider","ToolTip","Damping is unaffected. The bound strength buttons adjust this while in Farming Simulator.",""
"src/TrueforceForAll.Plugin/SettingsControl.xaml","2970","TextBox","SpringStrengthText","Text","1.00","numeric"
"src/TrueforceForAll.Plugin/SettingsControl.xaml","2972","TextBlock","SpringEssentialsPanel/TextBlock[1]","Text","Overall steering force (spring, terrain, drag, cornering weight together).",""
"src/TrueforceForAll.Plugin/SettingsControl.xaml","2975","TextBlock","SpringEssentialsPanel/Grid[2]/TextBlock[1]","Text","Min force:",""
"src/TrueforceForAll.Plugin/SettingsControl.xaml","2978","TextBox","SpringMinForceText","Text","0.05","numeric"
"src/TrueforceForAll.Plugin/SettingsControl.xaml","2980","TextBlock","SpringEssentialsPanel/TextBlock[2]","Text","The smallest force your wheel actually plays here: lifts faint terrain hits, and light centering once the wheel is off dead-ahead, above the wheel's own friction. Raise it on a belt-driven wheel (G923) until faint bumps just move the wheel. A parked wheel stays limp, and damping is unaffected.",""
"src/TrueforceForAll.Plugin/SettingsControl.xaml","3000","TextBlock","IRacingPeakForceRow/TextBlock[1]","Text","Car's peak force:",""
"src/TrueforceForAll.Plugin/SettingsControl.xaml","3001","TextBlock","IRacingPeakForceRow/TextBlock[1]","ToolTip","The peak steering force this car itself produces, in Nm. Not your wheel's rating: it is the car's number, scaled to fit inside your Strength setting. Lower it and this car leans harder on the wheel; raise it and this car feels lighter.",""
"src/TrueforceForAll.Plugin/SettingsControl.xaml","3002","Button","IRacingMaxNmDownBtn","Content","-","glyph"
"src/TrueforceForAll.Plugin/SettingsControl.xaml","3004","Button","IRacingMaxNmDownBtn","ToolTip","Lower this car's peak force a step, so it leans harder on the wheel.",""
"src/TrueforceForAll.Plugin/SettingsControl.xaml","3006","TextBox","IRacingMaxNmBox","ToolTip","The peak steering force this car itself produces, in Nm. Not your wheel's rating: it is the car's number, scaled to fit inside your Strength setting. Lower it and this car leans harder on the wheel; raise it and this car feels lighter.",""
"src/TrueforceForAll.Plugin/SettingsControl.xaml","3008","Button","IRacingMaxNmUpBtn","Content","+","glyph"
"src/TrueforceForAll.Plugin/SettingsControl.xaml","3010","Button","IRacingMaxNmUpBtn","ToolTip","Raise this car's peak force a step, so it feels lighter.",""
"src/TrueforceForAll.Plugin/SettingsControl.xaml","3012","TextBlock","IRacingMaxNmText","Text","","empty"
"src/TrueforceForAll.Plugin/SettingsControl.xaml","3016","Button","IRacingAutoMaxForceBtn","Content","Auto",""
"src/TrueforceForAll.Plugin/SettingsControl.xaml","3018","Button","IRacingAutoMaxForceBtn","ToolTip","The number on this button is what the plugin has watched this car produce, plus a margin. Drive a clean lap, then press it to take that number and start watching again from scratch. It stays greyed until the reading has held steady. Same idea as iRacing's own auto button.",""
"src/TrueforceForAll.Plugin/SettingsControl.xaml","3021","TextBlock","IRacingPeakForceHelp","Text","Nudge it down to make this car feel heavier, up to make it lighter.",""
"src/TrueforceForAll.Plugin/SettingsControl.xaml","3028","TextBlock","R3EAutoStrengthRow/TextBlock[1]","Text","Car's max:",""
"src/TrueforceForAll.Plugin/SettingsControl.xaml","3029","TextBlock","R3EAutoStrengthRow/TextBlock[1]","ToolTip","The force level this car peaks at, on a 0 to 1 scale. Lower it to make this car lean harder on the wheel; raise it to make it lighter. Apply fills it from what the plugin has watched this car push.",""
"src/TrueforceForAll.Plugin/SettingsControl.xaml","3030","Button","R3EMaxDownBtn","Content","-","glyph"
"src/TrueforceForAll.Plugin/SettingsControl.xaml","3032","Button","R3EMaxDownBtn","ToolTip","Lower this car's max a step, so it leans harder on the wheel.",""
"src/TrueforceForAll.Plugin/SettingsControl.xaml","3034","TextBox","R3EMaxBox","ToolTip","The force level this car peaks at, on a 0 to 1 scale. Lower it to make this car lean harder on the wheel; raise it to make it lighter.",""
"src/TrueforceForAll.Plugin/SettingsControl.xaml","3036","Button","R3EMaxUpBtn","Content","+","glyph"
"src/TrueforceForAll.Plugin/SettingsControl.xaml","3038","Button","R3EMaxUpBtn","ToolTip","Raise this car's max a step, so it feels lighter.",""
"src/TrueforceForAll.Plugin/SettingsControl.xaml","3039","TextBlock","R3EAutoStrengthStatus","Text","","empty"
"src/TrueforceForAll.Plugin/SettingsControl.xaml","3040","Button","R3EApplyStrengthBtn","Content","Apply",""
"src/TrueforceForAll.Plugin/SettingsControl.xaml","3042","Button","R3EApplyStrengthBtn","ToolTip","Take what the plugin has watched this car push and use it as the car's max. The number on the button is that value. Greyed until the reading has held steady.",""
"src/TrueforceForAll.Plugin/SettingsControl.xaml","3045","TextBlock","R3EAutoStrengthHelp","Text","Nudge it down to make this car feel heavier, up to make it lighter. Or drive and press Apply to set it from what the car pushes. Use Strength below for overall weight.",""
"src/TrueforceForAll.Plugin/SettingsControl.xaml","3047","TextBlock","IRacingAutoMaxForceStatus","Text","","empty"
"src/TrueforceForAll.Plugin/SettingsControl.xaml","3050","TextBlock","IRacingTuningPanel/Grid[3]/TextBlock[1]","Text","Strength:",""
"src/TrueforceForAll.Plugin/SettingsControl.xaml","3051","TextBlock","IRacingTuningPanel/Grid[3]/TextBlock[1]","ToolTip","How strong the WHEEL should be. Your overall preference, roughly a percentage of the wheel's total power. It applies to every car; tune an individual car with its peak force instead.",""
"src/TrueforceForAll.Plugin/SettingsControl.xaml","3053","Slider","IRacingGainSlider","ToolTip","How strong the WHEEL should be. Your overall preference, roughly a percentage of the wheel's total power. It applies to every car; tune an individual car with its peak force instead.",""
"src/TrueforceForAll.Plugin/SettingsControl.xaml","3055","TextBox","IRacingGainText","Text","1.00","numeric"
"src/TrueforceForAll.Plugin/SettingsControl.xaml","3059","TextBlock","IRacingClipWarn","Text","Above this the strongest moments will clip: Auto leaves about 10 percent spare, and past that the top of big corners flattens off instead of building. Fine if you like it, but detail is lost where the car is working hardest.",""
"src/TrueforceForAll.Plugin/SettingsControl.xaml","3061","TextBlock","IRacingTuningPanel/TextBlock[5]","Text","The only force control you should need day to day. 1.00 delivers what the sim asked for. Raise it if the wheel feels light, lower it if it clips.",""
"src/TrueforceForAll.Plugin/SettingsControl.xaml","3075","TextBlock","ModeBDamperRow/TextBlock[1]","Text","Damping:",""
"src/TrueforceForAll.Plugin/SettingsControl.xaml","3078","TextBox","ModeBDamperText","Text","0.07","numeric"
"src/TrueforceForAll.Plugin/SettingsControl.xaml","3080","TextBlock","ModeBDamperHelp","Text","Resistance to wheel motion. The heavy, planted feel that is not grip force.",""
"src/TrueforceForAll.Plugin/SettingsControl.xaml","3089","TextBlock","ModeBSupportedPanel/Grid[3]/TextBlock[1]","Text","Smoothing (ms):",""
"src/TrueforceForAll.Plugin/SettingsControl.xaml","3090","TextBlock","ModeBSupportedPanel/Grid[3]/TextBlock[1]","ToolTip","Smooths the force before it reaches the wheel. Higher = smoother feel but more lag; lower = tighter response. 0 = none, the default.",""
"src/TrueforceForAll.Plugin/SettingsControl.xaml","3094","Slider","FfbSmoothSlider","ToolTip","Smooths the force before it reaches the wheel. Higher = smoother feel but more lag; lower = tighter response. 0 = none, the default.",""
"src/TrueforceForAll.Plugin/SettingsControl.xaml","3095","TextBox","FfbSmoothText","Text","0.0","numeric"
"src/TrueforceForAll.Plugin/SettingsControl.xaml","3098","TextBlock","ModeBSupportedPanel/TextBlock[6]","Text","Leave smoothing at 0 unless the wheel feels notchy or grainy.",""
"src/TrueforceForAll.Plugin/SettingsControl.xaml","3104","Button","MasterRevertBtn","Content","↶","glyph"
"src/TrueforceForAll.Plugin/SettingsControl.xaml","3105","Button","MasterSaveBtn","Content","Save…",""
"src/TrueforceForAll.Plugin/SettingsControl.xaml","3119","CheckBox","IRacingKerbCheck","Content","Curb strike softening",""
"src/TrueforceForAll.Plugin/SettingsControl.xaml","3122","CheckBox","IRacingKerbCheck","ToolTip","Softens the jolt of a curb strike and the buzz of a rumble strip, and leaves everything else alone. The sim reports each wheel's suspension speed six times a frame and says when the car is on a strip; the torque samples from those instants are eased toward the cornering load.",""
"src/TrueforceForAll.Plugin/SettingsControl.xaml","3126","TextBlock","IRacingKerbExpander/StackPanel[1]/TextBlock[1]","Text","Eases the jolt of a curb strike and the buzz of a rumble strip. Off the curb, nothing changes.",""
"src/TrueforceForAll.Plugin/SettingsControl.xaml","3129","TextBlock","IRacingKerbExpander/StackPanel[1]/Grid[1]/TextBlock[1]","Text","Softening:",""
"src/TrueforceForAll.Plugin/SettingsControl.xaml","3130","TextBlock","IRacingKerbExpander/StackPanel[1]/Grid[1]/TextBlock[1]","ToolTip","How much of the strike is taken out. 0 leaves it as the sim sent it; 1 flattens it to the cornering load.",""
"src/TrueforceForAll.Plugin/SettingsControl.xaml","3132","Slider","IRacingKerbSlider","ToolTip","How much of the strike is taken out. 0 leaves it as the sim sent it; 1 flattens it to the cornering load.",""
"src/TrueforceForAll.Plugin/SettingsControl.xaml","3134","TextBox","IRacingKerbText","Text","0.60","numeric"
"src/TrueforceForAll.Plugin/SettingsControl.xaml","3137","TextBlock","IRacingKerbExpander/StackPanel[1]/TextBlock[2]","Text","How much of the strike is taken out. 0.60 keeps the hit but takes the sting off it.",""
"src/TrueforceForAll.Plugin/SettingsControl.xaml","3149","CheckBox","IRacingSoftLockCheck","Content","Soft lock",""
"src/TrueforceForAll.Plugin/SettingsControl.xaml","3152","CheckBox","IRacingSoftLockCheck","ToolTip","Stops the wheel where the car's steering stops. The sim normally does this through its own force feedback, which is off while the plugin carries the force, so the plugin renders the stop itself from the sim's steering position and lock.",""
"src/TrueforceForAll.Plugin/SettingsControl.xaml","3156","TextBlock","IRacingSoftLockExpander/StackPanel[1]/TextBlock[1]","Text","Stops the wheel where the car's steering stops.",""
"src/TrueforceForAll.Plugin/SettingsControl.xaml","3159","TextBlock","IRacingSoftLockExpander/StackPanel[1]/Grid[1]/TextBlock[1]","Text","Stop strength:",""
"src/TrueforceForAll.Plugin/SettingsControl.xaml","3160","TextBlock","IRacingSoftLockExpander/StackPanel[1]/Grid[1]/TextBlock[1]","ToolTip","How hard the stop pushes back, as a share of the wheel's full force. 1.00 is a wall; lower lets a determined push through.",""
"src/TrueforceForAll.Plugin/SettingsControl.xaml","3162","Slider","IRacingSoftLockSlider","ToolTip","How hard the stop pushes back, as a share of the wheel's full force. 1.00 is a wall; lower lets a determined push through.",""
"src/TrueforceForAll.Plugin/SettingsControl.xaml","3164","TextBox","IRacingSoftLockText","Text","1.00","numeric"
"src/TrueforceForAll.Plugin/SettingsControl.xaml","3167","TextBlock","IRacingSoftLockExpander/StackPanel[1]/TextBlock[2]","Text","How hard the stop pushes back. 1.00 is the wheel's full force.",""
"src/TrueforceForAll.Plugin/SettingsControl.xaml","3175","CheckBox","SpringTerrainCheck","Content","Terrain feel",""
"src/TrueforceForAll.Plugin/SettingsControl.xaml","3177","CheckBox","SpringTerrainCheck","ToolTip","On by default. Field texture, ruts, and edges reach the wheel as steering force, not just the spring's centering.",""
"src/TrueforceForAll.Plugin/SettingsControl.xaml","3179","TextBlock","SpringTerrainPanel/TextBlock[1]","Text","Bumps and ground texture reach the wheel as steering force. Needs the TF4ALL Enhanced Telemetry mod in the game (the plugin offers to install it).",""
"src/TrueforceForAll.Plugin/SettingsControl.xaml","3182","TextBlock","SpringTerrainPanel/Grid[1]/TextBlock[1]","Text","Terrain strength:",""
"src/TrueforceForAll.Plugin/SettingsControl.xaml","3185","TextBox","SpringTerrainStrengthText","Text","1.00","numeric"
"src/TrueforceForAll.Plugin/SettingsControl.xaml","3187","TextBlock","SpringTerrainPanel/TextBlock[2]","Text","How hard the ground hits back.",""
"src/TrueforceForAll.Plugin/SettingsControl.xaml","3191","TextBlock","SpringTerrainPanel/Grid[2]/TextBlock[1]","Text","Centering:",""
"src/TrueforceForAll.Plugin/SettingsControl.xaml","3194","Slider","SpringCenterGainSlider","ToolTip","0 turns the spring off entirely, so you can feel what remains (terrain, damping, effects).",""
"src/TrueforceForAll.Plugin/SettingsControl.xaml","3195","TextBox","SpringCenterGainText","Text","1.00","numeric"
"src/TrueforceForAll.Plugin/SettingsControl.xaml","3197","TextBlock","SpringTerrainPanel/TextBlock[3]","Text","The pull back to center.",""
"src/TrueforceForAll.Plugin/SettingsControl.xaml","3201","TextBlock","SpringTerrainPanel/Grid[3]/TextBlock[1]","Text","Center firmness:",""
"src/TrueforceForAll.Plugin/SettingsControl.xaml","3204","TextBox","SpringCenterFirmText","Text","0.50","numeric"
"src/TrueforceForAll.Plugin/SettingsControl.xaml","3206","TextBlock","SpringTerrainPanel/TextBlock[4]","Text","How solid the wheel feels right at center. Higher = crisper straight-line feel without heavier edges.",""
"src/TrueforceForAll.Plugin/SettingsControl.xaml","3210","TextBlock","SpringTerrainPanel/Grid[4]/TextBlock[1]","Text","Speed effect:",""
"src/TrueforceForAll.Plugin/SettingsControl.xaml","3213","TextBox","SpringSpeedFxText","Text","0.65","numeric"
"src/TrueforceForAll.Plugin/SettingsControl.xaml","3215","TextBlock","SpringTerrainPanel/TextBlock[5]","Text","How much speed strengthens the centering. 0 = the same at every speed; 1 = fully speed-scaled with a limp standstill.",""
"src/TrueforceForAll.Plugin/SettingsControl.xaml","3217","CheckBox","SpringDragCheck","Content","Implement drag",""
"src/TrueforceForAll.Plugin/SettingsControl.xaml","3219","CheckBox","SpringDragCheck","ToolTip","The steering grows heavier while your equipment is actually working the ground, a plow at depth pulls the wheel down, an empty run stays light. Plain engine strain (hard throttle, hills, hauling) adds a smaller touch of the same weight.",""
"src/TrueforceForAll.Plugin/SettingsControl.xaml","3222","TextBlock","SpringTerrainPanel/Grid[5]/TextBlock[1]","Text","Drag amount:",""
"src/TrueforceForAll.Plugin/SettingsControl.xaml","3225","TextBox","SpringDragGainText","Text","1.00","numeric"
"src/TrueforceForAll.Plugin/SettingsControl.xaml","3227","TextBlock","SpringTerrainPanel/TextBlock[6]","Text","How much working equipment weighs the wheel.",""
"src/TrueforceForAll.Plugin/SettingsControl.xaml","3230","TextBlock","SpringTerrainPanel/Grid[6]/TextBlock[1]","Text","Engine strain:",""
"src/TrueforceForAll.Plugin/SettingsControl.xaml","3233","TextBox","SpringDragStrainText","Text","0.35","numeric"
"src/TrueforceForAll.Plugin/SettingsControl.xaml","3235","TextBlock","SpringTerrainPanel/TextBlock[7]","Text","How much of that weight plain engine strain applies with nothing working: hard throttle, hills, heavy hauling. 0 = implements only, 1 = strain counts in full.",""
"src/TrueforceForAll.Plugin/SettingsControl.xaml","3237","CheckBox","SpringWeightCheck","Content","Cornering weight",""
"src/TrueforceForAll.Plugin/SettingsControl.xaml","3239","CheckBox","SpringWeightCheck","ToolTip","The wheel loads up through turns based on how hard the vehicle is actually yawing. Most noticeable at road speeds.",""
"src/TrueforceForAll.Plugin/SettingsControl.xaml","3242","TextBlock","SpringTerrainPanel/Grid[7]/TextBlock[1]","Text","Weight amount:",""
"src/TrueforceForAll.Plugin/SettingsControl.xaml","3245","TextBox","SpringWeightGainText","Text","1.00","numeric"
"src/TrueforceForAll.Plugin/SettingsControl.xaml","3247","TextBlock","SpringTerrainPanel/TextBlock[8]","Text","How much cornering load weighs the wheel.",""
"src/TrueforceForAll.Plugin/SettingsControl.xaml","3254","TextBlock","ModeBForzaTuningPanel2/Grid[1]/TextBlock[1]","Text","Centering:",""
"src/TrueforceForAll.Plugin/SettingsControl.xaml","3257","Slider","ModeBCenterSlider","ToolTip","Follows the wheel's own position, so a released wheel settles into center instead of swinging past.",""
"src/TrueforceForAll.Plugin/SettingsControl.xaml","3258","TextBox","ModeBCenterText","Text","0.25","numeric"
"src/TrueforceForAll.Plugin/SettingsControl.xaml","3260","TextBlock","ModeBForzaTuningPanel2/TextBlock[1]","Text","Caster-style pull toward straight, scaled up with speed (a parked wheel stays free).",""
"src/TrueforceForAll.Plugin/SettingsControl.xaml","3263","TextBlock","ModeBForzaTuningPanel2/Grid[2]/TextBlock[1]","Text","Look-ahead (ms):",""
"src/TrueforceForAll.Plugin/SettingsControl.xaml","3266","TextBox","ModeBCenterLeadText","Text","40","numeric"
"src/TrueforceForAll.Plugin/SettingsControl.xaml","3268","TextBlock","ModeBForzaTuningPanel2/TextBlock[2]","Text","How far ahead of the wheel's motion the centering aims. Raise if a released wheel overshoots center; lower if centering feels nervous.",""
"src/TrueforceForAll.Plugin/SettingsControl.xaml","3270","CheckBox","ModeBSuspLoadCheck","Content","Suspension load",""
"src/TrueforceForAll.Plugin/SettingsControl.xaml","3272","TextBlock","ModeBForzaTuningPanel2/TextBlock[3]","Text","Steering weight breathes with real front-axle load: braking dive loads up, crests go light.",""
"src/TrueforceForAll.Plugin/SettingsControl.xaml","3273","CheckBox","ModeBEarlyPeakCheck","Content","Early torque peak",""
"src/TrueforceForAll.Plugin/SettingsControl.xaml","3275","TextBlock","ModeBForzaTuningPanel2/TextBlock[4]","Text","Steering weight tops out just before the grip limit and holds, like a real tire; the plateau is your approach warning.",""
"src/TrueforceForAll.Plugin/SettingsControl.xaml","3276","CheckBox","ModeBRoadKickCheck","Content","Road kick (one-wheel bumps)",""
"src/TrueforceForAll.Plugin/SettingsControl.xaml","3278","TextBlock","ModeBForzaTuningPanel2/TextBlock[5]","Text","One front wheel hitting a bump or curb kicks the rim the way a real rack does; both wheels together cancel.",""
"src/TrueforceForAll.Plugin/SettingsControl.xaml","3281","TextBlock","ModeBForzaTuningPanel2/Grid[3]/TextBlock[1]","Text","Road kick strength:",""
"src/TrueforceForAll.Plugin/SettingsControl.xaml","3284","TextBox","ModeBRoadKickGainText","Text","0.40","numeric"
"src/TrueforceForAll.Plugin/SettingsControl.xaml","3289","TextBlock","ModeBForzaTuningPanel2/Expander[1]/Expander.Header[1]/TextBlock[1]","Text","Slides and Drifting",""
"src/TrueforceForAll.Plugin/SettingsControl.xaml","3294","TextBlock","ModeBForzaTuningPanel2/Expander[1]/StackPanel[1]/Grid[1]/TextBlock[1]","Text","Slide lightness:",""
"src/TrueforceForAll.Plugin/SettingsControl.xaml","3297","TextBox","ModeBFloorText","Text","0.50","numeric"
"src/TrueforceForAll.Plugin/SettingsControl.xaml","3299","TextBlock","ModeBForzaTuningPanel2/Expander[1]/StackPanel[1]/TextBlock[1]","Text","Torque left once the front has fully let go. Lower = a more dramatic gone-light cue.",""
"src/TrueforceForAll.Plugin/SettingsControl.xaml","3301","CheckBox","ModeBReversalDampCheck","Content","Reversal damping",""
"src/TrueforceForAll.Plugin/SettingsControl.xaml","3303","TextBlock","ModeBForzaTuningPanel2/Expander[1]/StackPanel[1]/TextBlock[2]","Text","Softens the wheel as you catch a slide back through center, so the moment the force switches sides stops snapping and feeling unstable. Digging deeper into a drift keeps its full weight.",""
"src/TrueforceForAll.Plugin/SettingsControl.xaml","3306","TextBlock","ModeBForzaTuningPanel2/Expander[1]/StackPanel[1]/Grid[2]/TextBlock[1]","Text","Reversal strength:",""
"src/TrueforceForAll.Plugin/SettingsControl.xaml","3309","TextBox","ModeBReversalGainText","Text","0.50","numeric"
"src/TrueforceForAll.Plugin/SettingsControl.xaml","3312","CheckBox","ModeBPhaseLeadCheck","Content","Anticipation",""
"src/TrueforceForAll.Plugin/SettingsControl.xaml","3314","TextBlock","ModeBForzaTuningPanel2/Expander[1]/StackPanel[1]/TextBlock[3]","Text","A released wheel settles instead of oscillating, because the force is led slightly ahead of the wheel to cancel telemetry lag.",""
"src/TrueforceForAll.Plugin/SettingsControl.xaml","3317","TextBlock","ModeBForzaTuningPanel2/Expander[1]/StackPanel[1]/Grid[3]/TextBlock[1]","Text","Lead (ms):",""
"src/TrueforceForAll.Plugin/SettingsControl.xaml","3318","TextBlock","ModeBForzaTuningPanel2/Expander[1]/StackPanel[1]/Grid[3]/TextBlock[1]","ToolTip","Raise the lead only until a released wheel stops ringing; too much adds nervousness on fast transitions.",""
"src/TrueforceForAll.Plugin/SettingsControl.xaml","3321","TextBox","ModeBPhaseLeadText","Text","40","numeric"
"src/TrueforceForAll.Plugin/SettingsControl.xaml","3328","TextBlock","ModeBForzaTuningPanel2/Expander[2]/Expander.Header[1]/TextBlock[1]","Text","Braking",""
"src/TrueforceForAll.Plugin/SettingsControl.xaml","3331","CheckBox","ModeBGripCalCheck","Content","Adaptive grip & braking feel",""
"src/TrueforceForAll.Plugin/SettingsControl.xaml","3332","CheckBox","ModeBGripCalCheck","ToolTip","Shapes both the grip limit and the braking fade to each car's measured grip as you brake or slide, instead of one fixed point. Off also restores the classic lockup fade.",""
"src/TrueforceForAll.Plugin/SettingsControl.xaml","3334","TextBlock","ModeBForzaTuningPanel2/Expander[2]/StackPanel[1]/TextBlock[1]","Text","The wheel lightens at each car's real grip limit, learned as you drive (about a lap of pushing). Off = a fixed manual grip limit (the slider below).",""
"src/TrueforceForAll.Plugin/SettingsControl.xaml","3338","TextBlock","ModeBForzaTuningPanel2/Expander[2]/StackPanel[1]/Grid[1]/TextBlock[1]","Text","Lockup recovery (ms):",""
"src/TrueforceForAll.Plugin/SettingsControl.xaml","3341","TextBox","ModeBRecoverText","Text","30","numeric"
"src/TrueforceForAll.Plugin/SettingsControl.xaml","3343","TextBlock","ModeBForzaTuningPanel2/Expander[2]/StackPanel[1]/TextBlock[2]","Text","How quickly steering weight returns as the tires regain grip after a lockup or slide. Lower snaps back fast, higher hands the weight back gently.",""
"src/TrueforceForAll.Plugin/SettingsControl.xaml","3351","TextBlock","ModeBGripLimitRow/Grid[1]/TextBlock[1]","Text","Grip limit:",""
"src/TrueforceForAll.Plugin/SettingsControl.xaml","3354","TextBox","ModeBPeakText","Text","1.00","numeric"
"src/TrueforceForAll.Plugin/SettingsControl.xaml","3356","TextBlock","ModeBGripLimitRow/TextBlock[1]","Text","Where the game's combined-slip metric counts as the grip limit (1.0 = Forza's own limit). Lower = the wheel peaks and washes out earlier.",""
"src/TrueforceForAll.Plugin/SettingsControl.xaml","3363","TextBlock","ModeBForzaTuningPanel2/Expander[3]/Expander.Header[1]/TextBlock[1]","Text","Advanced",""
"src/TrueforceForAll.Plugin/SettingsControl.xaml","3367","TextBlock","ModeBForzaTuningPanel2/Expander[3]/StackPanel[1]/TextBlock[1]","Text","Force shaping and plumbing. The defaults suit almost everyone.",""
"src/TrueforceForAll.Plugin/SettingsControl.xaml","3371","TextBlock","ModeBForzaTuningPanel2/Expander[3]/StackPanel[1]/Grid[1]/TextBlock[1]","Text","Weight buildup:",""
"src/TrueforceForAll.Plugin/SettingsControl.xaml","3374","TextBox","ModeBRiseText","Text","0.80","numeric"
"src/TrueforceForAll.Plugin/SettingsControl.xaml","3376","TextBlock","ModeBForzaTuningPanel2/Expander[3]/StackPanel[1]/TextBlock[2]","Text","How early weight arrives. Lower = heavier in normal cornering; 1.0 = force grows linearly to the limit.",""
"src/TrueforceForAll.Plugin/SettingsControl.xaml","3380","TextBlock","ModeBForzaTuningPanel2/Expander[3]/StackPanel[1]/Grid[2]/TextBlock[1]","Text","Smoothing (ms):",""
"src/TrueforceForAll.Plugin/SettingsControl.xaml","3383","TextBox","ModeBSmoothText","Text","40","numeric"
"src/TrueforceForAll.Plugin/SettingsControl.xaml","3385","TextBlock","ModeBForzaTuningPanel2/Expander[3]/StackPanel[1]/TextBlock[3]","Text","Input smoothing. Higher = calmer wheel, slightly laggier response.",""
"src/TrueforceForAll.Plugin/SettingsControl.xaml","3387","CheckBox","ModeBCompressorCheck","Content","Force compressor",""
"src/TrueforceForAll.Plugin/SettingsControl.xaml","3389","TextBlock","ModeBForzaTuningPanel2/Expander[3]/StackPanel[1]/TextBlock[4]","Text","Soft ceiling on the steering force: stacked cornering weight and road kick compress into the top of the range instead of clipping flat.",""
"src/TrueforceForAll.Plugin/SettingsControl.xaml","3391","CheckBox","ModeBLateralDemandCheck","Content","Lateral-demand force",""
"src/TrueforceForAll.Plugin/SettingsControl.xaml","3392","CheckBox","ModeBLateralDemandCheck","ToolTip","Bases the steering force on cornering (lateral) grip instead of total grip.",""
"src/TrueforceForAll.Plugin/SettingsControl.xaml","3394","TextBlock","ModeBForzaTuningPanel2/Expander[3]/StackPanel[1]/TextBlock[5]","Text","Braking in a straight line makes almost no force, so the wheel cannot start swinging left and right on its own. Cornering feel is unchanged.",""
"src/TrueforceForAll.Plugin/SettingsControl.xaml","3396","CheckBox","ModeBSignCheck","Content","Reverse force direction",""
"src/TrueforceForAll.Plugin/SettingsControl.xaml","3399","TextBlock","ModeBForzaTuningPanel2/Expander[3]/StackPanel[1]/TextBlock[6]","Text","Flip this if the wheel pulls INTO the slide instead of countering it.",""
"src/TrueforceForAll.Plugin/SettingsControl.xaml","3431","TextBlock","FfbPassthroughHeader","Text","FFB Pass-Through",""
"src/TrueforceForAll.Plugin/SettingsControl.xaml","3434","CheckBox","FfbInvertCheck","Content","Invert FFB sign (uncheck if forces feel reversed)",""
"src/TrueforceForAll.Plugin/SettingsControl.xaml","3437","CheckBox","FfbInvertCheck","ToolTip","Flips the direction of the game's force feedback sent to the wheel. On by default. If your wheel pushes the wrong way (e.g. forces feel reversed in RaceRoom), uncheck this.",""
"src/TrueforceForAll.Plugin/SettingsControl.xaml","3451","CheckBox","R3EStationaryDamperCheck","Content","Stationary friction",""
"src/TrueforceForAll.Plugin/SettingsControl.xaml","3454","CheckBox","R3EStationaryDamperCheck","ToolTip","Adds back the game's low-speed parking resistance, which the handed-over, Telemetry Based and Farming Simulator routes otherwise drop. Firm when parked, fading to nothing as you gain speed.",""
"src/TrueforceForAll.Plugin/SettingsControl.xaml","3459","TextBlock","R3EStationaryDamperExpander/StackPanel[1]/Grid[1]/TextBlock[1]","Text","Friction strength:",""
"src/TrueforceForAll.Plugin/SettingsControl.xaml","3460","TextBlock","R3EStationaryDamperExpander/StackPanel[1]/Grid[1]/TextBlock[1]","ToolTip","How firm the parked resistance is, as a share of full wheel force.",""
"src/TrueforceForAll.Plugin/SettingsControl.xaml","3462","Slider","R3EDamperStrengthSlider","ToolTip","How firm the parked resistance is. Higher is heavier; too high can start to shake, so it tops out where it stays smooth.",""
"src/TrueforceForAll.Plugin/SettingsControl.xaml","3464","TextBox","R3EDamperStrengthText","Text","0.40","numeric"
"src/TrueforceForAll.Plugin/SettingsControl.xaml","3468","TextBlock","R3EStationaryDamperExpander/StackPanel[1]/Grid[2]/TextBlock[1]","Text","Fades out by:",""
"src/TrueforceForAll.Plugin/SettingsControl.xaml","3469","TextBlock","R3EStationaryDamperExpander/StackPanel[1]/Grid[2]/TextBlock[1]","ToolTip","The car speed at which the stationary friction has faded to nothing. Below it the friction eases off as you speed up; above it, only the sim's own force remains.",""
"src/TrueforceForAll.Plugin/SettingsControl.xaml","3471","Slider","R3EDamperFadeSlider","ToolTip","The car speed at which the stationary friction has faded to nothing.",""
"src/TrueforceForAll.Plugin/SettingsControl.xaml","3473","TextBox","R3EDamperFadeText","Text","25","numeric"
"src/TrueforceForAll.Plugin/SettingsControl.xaml","3476","TextBlock","R3EStationaryDamperExpander/StackPanel[1]/TextBlock[1]","Text","Firm when parked, easing off as you gain speed and gone by this speed (km/h).",""
"src/TrueforceForAll.Plugin/SettingsControl.xaml","3500","CheckBox","StationarySpringCheck","Content","Stationary spring",""
"src/TrueforceForAll.Plugin/SettingsControl.xaml","3503","CheckBox","StationarySpringCheck","ToolTip","A parked car sends almost no force feedback, so the wheel feels limp. This adds a centering weight that fades out as you start moving and never fights the game's own FFB. It is set per game and off until you tick it, in Assetto Corsa, RaceRoom, Le Mans Ultimate or Forza with Telemetry Based FFB. Ignored for iRacing (the sim already weights the wheel).",""
"src/TrueforceForAll.Plugin/SettingsControl.xaml","3505","TextBlock","StationarySpringUnsupportedBadge","Text","not used in Forza",""
"src/TrueforceForAll.Plugin/SettingsControl.xaml","3506","TextBlock","StationarySpringUnsupportedBadge","ToolTip","Skipped in Forza, where it can fight the game's own force feedback around pauses and drag the wheel hard to one side. Your tuning still applies in other games.",""
"src/TrueforceForAll.Plugin/SettingsControl.xaml","3510","Button","StationarySpringRevertBtn","Content","↶","glyph"
"src/TrueforceForAll.Plugin/SettingsControl.xaml","3511","Button","StationarySpringSaveBtn","Content","Save…",""
"src/TrueforceForAll.Plugin/SettingsControl.xaml","3518","TextBlock","StationarySpringSliders/Grid[1]/TextBlock[1]","Text","Spring strength:",""
"src/TrueforceForAll.Plugin/SettingsControl.xaml","3519","TextBlock","StationarySpringSliders/Grid[1]/TextBlock[1]","ToolTip","How much centering weight to add when fully parked, as a fraction of full FFB. Start low; a strong spring can snap the wheel to center hard.",""
"src/TrueforceForAll.Plugin/SettingsControl.xaml","3523","TextBox","StationarySpringStrengthText","Text","1.00","numeric"
"src/TrueforceForAll.Plugin/SettingsControl.xaml","3527","TextBlock","StationarySpringSliders/Grid[2]/TextBlock[1]","Text","Fade-out (km/h):",""
"src/TrueforceForAll.Plugin/SettingsControl.xaml","3528","TextBlock","StationarySpringSliders/Grid[2]/TextBlock[1]","ToolTip","The spring is at full strength when stopped and fades to nothing by this speed. Keep it low so it's gone before real cornering forces build.",""
"src/TrueforceForAll.Plugin/SettingsControl.xaml","3532","TextBox","StationarySpringCutoffText","Text","12","numeric"
"src/TrueforceForAll.Plugin/SettingsControl.xaml","3543","TextBlock","SpikeReductionExpanderSection/Expander.Header[1]/StackPanel[1]/TextBlock[1]","Text","FFB Spike Reduction",""
"src/TrueforceForAll.Plugin/SettingsControl.xaml","3544","Button","SpikeReductionRevertBtn","Content","↶","glyph"
"src/TrueforceForAll.Plugin/SettingsControl.xaml","3545","Button","SpikeReductionSaveBtn","Content","Save…",""
"src/TrueforceForAll.Plugin/SettingsControl.xaml","3549","CheckBox","SpikeTamingEnabledCheck","Content","FFB spike reduction (recommended for Assetto Corsa)",""
"src/TrueforceForAll.Plugin/SettingsControl.xaml","3573","TextBlock","SpikeTamingBody/TextBlock[1]","Text","Some games deliver curb and collision FFB spikes well beyond what's safe or comfortable on stronger wheelbases (Assetto Corsa is the worst offender we've seen). Hits can be sharp enough to wrench the wheel against your grip or strain your wrists on a long session.",""
"src/TrueforceForAll.Plugin/SettingsControl.xaml","3574","TextBlock","SpikeTamingBody/TextBlock[2]","Text","Method:",""
"src/TrueforceForAll.Plugin/SettingsControl.xaml","3575","TextBlock","SpikeTamingBody/TextBlock[2]","ToolTip","The method picked below only applies while the box above is checked.",""
"src/TrueforceForAll.Plugin/SettingsControl.xaml","3578","RadioButton","SpikeModeSlewRadio","Content","Rate limiter (iRacing-style)",""
"src/TrueforceForAll.Plugin/SettingsControl.xaml","3581","RadioButton","SpikeModeTransientRadio","Content","Peak limiter",""
"src/TrueforceForAll.Plugin/SettingsControl.xaml","3589","TextBlock","SpikeRateRow/Grid[1]/TextBlock[1]","Text","Rate limit:",""
"src/TrueforceForAll.Plugin/SettingsControl.xaml","3593","TextBox","FfbSpikeLimitText","Text","7.7%","numeric"
"src/TrueforceForAll.Plugin/SettingsControl.xaml","3621","TextBlock","SpikePeakRows/Grid[1]/TextBlock[1]","Text","Max hit:",""
"src/TrueforceForAll.Plugin/SettingsControl.xaml","3625","TextBox","FfbPeakLimitText","Text","10%","numeric"
"src/TrueforceForAll.Plugin/SettingsControl.xaml","3628","TextBlock","SpikePeakRows/TextBlock[1]","Text","The most a hit may rise above that running average. However hard the game hits, that is where it levels off, so a curb strike mid-corner lands this much above the corner instead of wrenching the wheel.",""
"src/TrueforceForAll.Plugin/SettingsControl.xaml","3631","TextBlock","SpikePeakRows/Grid[2]/TextBlock[1]","Text","Minimum reference:",""
"src/TrueforceForAll.Plugin/SettingsControl.xaml","3635","TextBox","FfbSpikeThresholdText","Text","6.3%","numeric"
"src/TrueforceForAll.Plugin/SettingsControl.xaml","3638","TextBlock","SpikePeakRows/TextBlock[2]","Text","Holds the running average up to at least this much, so ordinary force on a smooth road is not mistaken for a hit. It is also where a hit starts being slowed. Set it below normal road feel and everyday bumps start getting flattened and slowed.",""
"src/TrueforceForAll.Plugin/SettingsControl.xaml","3655","TextBlock","IRacingAdvancedExpander/Expander.Header[1]/TextBlock[1]","Text","Advanced",""
"src/TrueforceForAll.Plugin/SettingsControl.xaml","3663","TextBlock","IRacingAdvancedExpander/StackPanel[1]/TextBlock[1]","Text","iRacing sends telemetry 60 times a second, and each update carries six force samples from the physics steps in between. These options choose whether to fill the gaps between updates and how much of that extra detail to use.",""
"src/TrueforceForAll.Plugin/SettingsControl.xaml","3671","TextBlock","IRacingFeelRow/TextBlock[1]","Text","Feel:",""
"src/TrueforceForAll.Plugin/SettingsControl.xaml","3674","ComboBoxItem","IRacingForceModeCombo/ComboBoxItem[1]","Content","Plain",""
"src/TrueforceForAll.Plugin/SettingsControl.xaml","3675","ComboBoxItem","IRacingForceModeCombo/ComboBoxItem[2]","Content","Filled",""
"src/TrueforceForAll.Plugin/SettingsControl.xaml","3676","ComboBoxItem","IRacingForceModeCombo/ComboBoxItem[3]","Content","Detailed",""
"src/TrueforceForAll.Plugin/SettingsControl.xaml","3677","ComboBoxItem","IRacingForceModeCombo/ComboBoxItem[4]","Content","Detailed, predicted",""
"src/TrueforceForAll.Plugin/SettingsControl.xaml","3686","TextBlock","IRacingFeelHelp","Text","","empty"
"src/TrueforceForAll.Plugin/SettingsControl.xaml","3703","TextBlock","WheelLightsHeaderText","Text","Wheel lights and screen",""
"src/TrueforceForAll.Plugin/SettingsControl.xaml","3713","TextBlock","LedBrightnessRow/TextBlock[1]","Text","Brightness:",""
"src/TrueforceForAll.Plugin/SettingsControl.xaml","3717","Slider","LedBrightnessSlider","ToolTip","How bright the wheel's lights are, for every pattern. This is the wheel's own setting and it stays where you put it.",""
"src/TrueforceForAll.Plugin/SettingsControl.xaml","3718","TextBox","LedBrightnessText","Text","100%","numeric"
"src/TrueforceForAll.Plugin/SettingsControl.xaml","3725","CheckBox","ModeBRevLightsCheck","Content","Add rev light support to games when possible",""
"src/TrueforceForAll.Plugin/SettingsControl.xaml","3727","CheckBox","ModeBRevLightsCheck","ToolTip","The plugin works out per game and per session whether it can take the lights over without cutting the game's force feedback. Tick this to let it, whenever it can.",""
"src/TrueforceForAll.Plugin/SettingsControl.xaml","3733","Hyperlink","WheelLightsBlock/TextBlock[1]/Hyperlink[1]","ToolTip","Why the lights work in some games and not others.",""
"src/TrueforceForAll.Plugin/SettingsControl.xaml","3733","Hyperlink","WheelLightsBlock/TextBlock[1]/Hyperlink[1]","#text","Why not every game?",""
"src/TrueforceForAll.Plugin/SettingsControl.xaml","3744","TextBlock","RevLightPatternRow/TextBlock[1]","Text","Pattern:",""
"src/TrueforceForAll.Plugin/SettingsControl.xaml","3746","ComboBox","RevLightEffectCombo","ToolTip","Colors and direction come from the pattern itself, set in G HUB.",""
"src/TrueforceForAll.Plugin/SettingsControl.xaml","3748","Button","RevLightRememberBtn","Content","Remember for this car",""
"src/TrueforceForAll.Plugin/SettingsControl.xaml","3751","TextBlock","RevLightRememberStatus","#text","·","glyph"
"src/TrueforceForAll.Plugin/SettingsControl.xaml","3751","Hyperlink","RevLightRememberStatus/Hyperlink[1]","#text","Forget",""
"src/TrueforceForAll.Plugin/SettingsControl.xaml","3754","TextBlock","RevLightPatternHelp","Text","Picking a pattern sets the wheelbase's selection, like using the wheel's own menu: it applies now and stays. Remember for this car re-applies it whenever that car loads.",""
"src/TrueforceForAll.Plugin/SettingsControl.xaml","3766","CheckBox","LovelyFillCheck","Content","Use the car's own rev light timing",""
"src/TrueforceForAll.Plugin/SettingsControl.xaml","3768","CheckBox","LovelyFillCheck","ToolTip","Needs community features, which is where the car data comes from.",""
"src/TrueforceForAll.Plugin/SettingsControl.xaml","3771","TextBlock","LovelyFillNeedsCommunityNote","Text","Turn on community features in the Settings tab to use this. The car data is fetched from there.",""
"src/TrueforceForAll.Plugin/SettingsControl.xaml","3773","TextBlock","LovelyFillBlock/TextBlock[2]","Text","Your lights fill at the RPMs the real car's dash lights up at, instead of an even spread from idle to redline.",""
"src/TrueforceForAll.Plugin/SettingsControl.xaml","3778","Run","LovelyFillBlock/TextBlock[3]/Run[1]","Text","Per-car rev light timing, redlines and blink rates by ",""
"src/TrueforceForAll.Plugin/SettingsControl.xaml","3779","Hyperlink","LovelyFillBlock/TextBlock[3]/Hyperlink[1]","ToolTip","Opens the lovely-car-data project on GitHub.",""
"src/TrueforceForAll.Plugin/SettingsControl.xaml","3779","Hyperlink","LovelyFillBlock/TextBlock[3]/Hyperlink[1]","#text","Lovely Sim Racing",""
"src/TrueforceForAll.Plugin/SettingsControl.xaml","3779","Run","LovelyFillBlock/TextBlock[3]/Run[2]","Text",", CC BY-NC-SA 4.0. ",""
"src/TrueforceForAll.Plugin/SettingsControl.xaml","3781","Hyperlink","LovelyFillBlock/TextBlock[3]/Hyperlink[2]","ToolTip","What the dataset covers, and what comes from our own car facts.",""
"src/TrueforceForAll.Plugin/SettingsControl.xaml","3781","Hyperlink","LovelyFillBlock/TextBlock[3]/Hyperlink[2]","#text","What this covers",""
"src/TrueforceForAll.Plugin/SettingsControl.xaml","3802","TextBlock","WheelLightsBlock/Grid[2]/TextBlock[1]","Text","When idle:",""
"src/TrueforceForAll.Plugin/SettingsControl.xaml","3805","ComboBox","IdleLedModeCombo","ToolTip","What the lights do when nobody is driving: no game running, or a game running with the car sat still past the dash's idle delay.",""
"src/TrueforceForAll.Plugin/SettingsControl.xaml","3813","TextBlock","WheelLightsBlock/Grid[3]/TextBlock[1]","Text","When a game has no revs:",""
"src/TrueforceForAll.Plugin/SettingsControl.xaml","3816","ComboBox","NoRevLedModeCombo","ToolTip","For the games that report no engine speed at all, like emulated arcade cabinets, where the rev lights have nothing to show.",""
"src/TrueforceForAll.Plugin/SettingsControl.xaml","3821","TextBlock","WheelLightsBlock/TextBlock[3]","Text","Colors come from the pattern above. Your revs always win in a game that reports them.",""
"src/TrueforceForAll.Plugin/SettingsControl.xaml","3833","TextBlock","LedSweepRow/TextBlock[1]","Text","Sweep time:",""
"src/TrueforceForAll.Plugin/SettingsControl.xaml","3837","Slider","LedSweepSlider","ToolTip","How long one full pass takes, up the strip and back down.",""
"src/TrueforceForAll.Plugin/SettingsControl.xaml","3838","TextBox","LedSweepText","Text","2.5 s",""
"src/TrueforceForAll.Plugin/SettingsControl.xaml","3866","CheckBox","ModeBOledCheck","Content","Show telemetry on the wheel's screen",""
"src/TrueforceForAll.Plugin/SettingsControl.xaml","3869","TextBlock","OledSection/TextBlock[1]","Text","Puts your speed, gear, lap delta, and more on the little screen in the middle of the wheel, so you can read them without looking away from the road.",""
"src/TrueforceForAll.Plugin/SettingsControl.xaml","3871","TextBlock","OledSection/TextBlock[2]","Text","It also reports changes as they happen: a preset loading, a gain nudged from a bound button, Auto strength settling on a car, or a warning that the game is still sending its own force feedback. Each shows for a moment, then your driving screen comes back.",""
"src/TrueforceForAll.Plugin/SettingsControl.xaml","3873","TextBlock","OledSection/StackPanel[1]/TextBlock[1]","Text","Show:",""
"src/TrueforceForAll.Plugin/SettingsControl.xaml","3878","CheckBox","OledMphCheck","Content","mph",""
"src/TrueforceForAll.Plugin/SettingsControl.xaml","3881","CheckBox","OledMphCheck","ToolTip","Show the speed in mph instead of km/h. Affects this screen only.",""
"src/TrueforceForAll.Plugin/SettingsControl.xaml","3888","TextBlock","OledNoScreenText","Text","The wheel keeps its own display while you drive. Shifts, finished laps, incidents and warnings still take the screen for a moment and hand it straight back.",""
"src/TrueforceForAll.Plugin/SettingsControl.xaml","3890","CheckBox","OledShiftFlashCheck","Content","Flash the gear when I shift",""
"src/TrueforceForAll.Plugin/SettingsControl.xaml","3893","CheckBox","OledShiftFlashCheck","ToolTip","Shows the gear for a moment on each shift. Skipped automatically on a screen that already shows the gear.",""
"src/TrueforceForAll.Plugin/SettingsControl.xaml","3898","ComboBox","OledFlashStyleCombo","ToolTip","The wheel cannot center its biggest text, so the large gear sits to one side with the speed next to it. The centered one is a size smaller but sits in the middle with a label.",""
"src/TrueforceForAll.Plugin/SettingsControl.xaml","3899","ComboBoxItem","OledFlashStyleCombo/ComboBoxItem[1]","Content","Big gear, speed beside it",""
"src/TrueforceForAll.Plugin/SettingsControl.xaml","3900","ComboBoxItem","OledFlashStyleCombo/ComboBoxItem[2]","Content","Centered gear with a label",""
"src/TrueforceForAll.Plugin/SettingsControl.xaml","3902","CheckBox","OledLapResultCheck","Content","Show the lap when I cross the line",""
"src/TrueforceForAll.Plugin/SettingsControl.xaml","3905","CheckBox","OledLapResultCheck","ToolTip","A personal best gets the time on its own. Any other lap gets the time with the delta under it.",""
"src/TrueforceForAll.Plugin/SettingsControl.xaml","3908","CheckBox","OledGreetingCheck","Content","Say hello when the screen first comes up",""
"src/TrueforceForAll.Plugin/SettingsControl.xaml","3911","CheckBox","OledGreetingCheck","ToolTip","Once each time SimHub runs, not once per session.",""
"src/TrueforceForAll.Plugin/SettingsControl.xaml","3915","TextBox","OledGreetingBox","ToolTip","Scrolls across the lower row under the plugin name. Anything longer than the row scrolls past.",""
"src/TrueforceForAll.Plugin/SettingsControl.xaml","3923","TextBlock","OledCustomPanel/TextBlock[1]","Text","Pick a layout, then what goes in each of its slots. Anything set to Custom text shows exactly what you type.",""
"src/TrueforceForAll.Plugin/SettingsControl.xaml","3925","TextBlock","OledCustomPanel/StackPanel[1]/TextBlock[1]","Text","Layout:",""
"src/TrueforceForAll.Plugin/SettingsControl.xaml","3927","ComboBox","OledLayoutCombo","ToolTip","The wheel decides how big each slot is drawn and where it sits, so the layout is the shape and the slots are the contents.",""
"src/TrueforceForAll.Plugin/SettingsControl.xaml","3932","TextBlock","OledSlot0Label","Text","Slot 1:",""
"src/TrueforceForAll.Plugin/SettingsControl.xaml","3938","TextBlock","OledSlot1Label","Text","Slot 2:",""
"src/TrueforceForAll.Plugin/SettingsControl.xaml","3944","TextBlock","OledSlot2Label","Text","Slot 3:",""
"src/TrueforceForAll.Plugin/SettingsControl.xaml","3950","TextBlock","OledSlot3Label","Text","Slot 4:",""
"src/TrueforceForAll.Plugin/SettingsControl.xaml","3958","TextBlock","OledDeltaUnavailableText","Text","","empty"
"src/TrueforceForAll.Plugin/SettingsControl.xaml","3965","TextBlock","OledSection/Grid[1]/TextBlock[1]","Text","Screen status:",""
"src/TrueforceForAll.Plugin/SettingsControl.xaml","3966","TextBlock","OledStatusText","Text","(idle)",""
"src/TrueforceForAll.Plugin/SettingsControl.xaml","3986","Button","ModeBResetButton","Content","Reset FFB tuning to defaults",""
"src/TrueforceForAll.Plugin/SettingsControl.xaml","3988","Button","ModeBResetButton","ToolTip","Put the force tuning on this tab back to its defaults, including spike reduction.",""
"src/TrueforceForAll.Plugin/SettingsControl.xaml","3990","TextBlock","TelemetryFfbTab/ScrollViewer[1]/StackPanel[1]/StackPanel[3]/TextBlock[1]","Text","Restores the defaults for the game you are in, plus spike reduction, and leaves your other games alone.",""
"src/TrueforceForAll.Plugin/SettingsControl.xaml","4003","Expander","FxBenchSection/Expander[1]","Header","Effect test bench",""
"src/TrueforceForAll.Plugin/SettingsControl.xaml","4006","TextBlock","FxBenchSection/Expander[1]/StackPanel[1]/TextBlock[1]","Text","Play an effect through the wheel's own firmware (native: the reference feel), then the same effect through the plugin's renderer, and tune until they match. The gain belongs to the picked effect, so you can tune one effect, switch to the next, and tune that one without disturbing the first. Native playback needs the wheel free (no game running). Save stores every effect's tuning as the default for future sessions.",""
"src/TrueforceForAll.Plugin/SettingsControl.xaml","4008","TextBlock","FxBenchSection/Expander[1]/StackPanel[1]/StackPanel[1]/TextBlock[1]","Text","Effect:",""
"src/TrueforceForAll.Plugin/SettingsControl.xaml","4011","ComboBox","FxTestEffectBox","ToolTip","The effect to compare. The gain below belongs to whichever effect is picked here, so each one tunes and saves separately.",""
"src/TrueforceForAll.Plugin/SettingsControl.xaml","4012","ComboBoxItem","FxTestEffectBox/ComboBoxItem[1]","Content","DAMPER",""
"src/TrueforceForAll.Plugin/SettingsControl.xaml","4013","ComboBoxItem","FxTestEffectBox/ComboBoxItem[2]","Content","SPRING",""
"src/TrueforceForAll.Plugin/SettingsControl.xaml","4014","ComboBoxItem","FxTestEffectBox/ComboBoxItem[3]","Content","FRICTION",""
"src/TrueforceForAll.Plugin/SettingsControl.xaml","4015","ComboBoxItem","FxTestEffectBox/ComboBoxItem[4]","Content","INERTIA",""
"src/TrueforceForAll.Plugin/SettingsControl.xaml","4016","ComboBoxItem","FxTestEffectBox/ComboBoxItem[5]","Content","SINE",""
"src/TrueforceForAll.Plugin/SettingsControl.xaml","4017","ComboBoxItem","FxTestEffectBox/ComboBoxItem[6]","Content","SQUARE",""
"src/TrueforceForAll.Plugin/SettingsControl.xaml","4018","ComboBoxItem","FxTestEffectBox/ComboBoxItem[7]","Content","TRIANGLE",""
"src/TrueforceForAll.Plugin/SettingsControl.xaml","4019","ComboBoxItem","FxTestEffectBox/ComboBoxItem[8]","Content","SAWUP",""
"src/TrueforceForAll.Plugin/SettingsControl.xaml","4020","ComboBoxItem","FxTestEffectBox/ComboBoxItem[9]","Content","SAWDOWN",""
"src/TrueforceForAll.Plugin/SettingsControl.xaml","4021","ComboBoxItem","FxTestEffectBox/ComboBoxItem[10]","Content","RAMP",""
"src/TrueforceForAll.Plugin/SettingsControl.xaml","4023","TextBlock","FxBenchSection/Expander[1]/StackPanel[1]/StackPanel[1]/TextBlock[2]","Text","Strength:",""
"src/TrueforceForAll.Plugin/SettingsControl.xaml","4026","TextBox","FxTestStrengthText","Text","50%","numeric"
"src/TrueforceForAll.Plugin/SettingsControl.xaml","4027","TextBlock","FxBenchSection/Expander[1]/StackPanel[1]/StackPanel[1]/TextBlock[3]","Text","Period:",""
"src/TrueforceForAll.Plugin/SettingsControl.xaml","4030","TextBox","FxTestPeriodText","Text","250 ms",""
"src/TrueforceForAll.Plugin/SettingsControl.xaml","4033","Button","FxTestNativeButton","Content","Play native",""
"src/TrueforceForAll.Plugin/SettingsControl.xaml","4034","Button","FxTestNativeButton","ToolTip","The wheel's own DirectInput effect with the Trueforce stream fully STOPPED: the wheel exactly as it is without the plugin. The reference feel.",""
"src/TrueforceForAll.Plugin/SettingsControl.xaml","4035","Button","FxTestEngineButton","Content","Play engine",""
"src/TrueforceForAll.Plugin/SettingsControl.xaml","4036","Button","FxTestEngineButton","ToolTip","The identical effect through the plugin's renderer, streamed as Trueforce force: what games feel under the plugin.",""
"src/TrueforceForAll.Plugin/SettingsControl.xaml","4037","Button","FxTestStopButton","Content","Stop",""
"src/TrueforceForAll.Plugin/SettingsControl.xaml","4038","Button","FxTraceButton","Content","Record trace",""
"src/TrueforceForAll.Plugin/SettingsControl.xaml","4039","Button","FxTraceButton","ToolTip","Records every force tick to a CSV in Documents\TrueforceForAll: the wheel's velocity as the reader measures it, the smoothed velocity the damper actually multiplies, and the force each effect added. Play an effect, turn the wheel through whatever feels wrong, then press again to save. Keeps the last 30 seconds, so a long recording is fine.",""
"src/TrueforceForAll.Plugin/SettingsControl.xaml","4043","TextBlock","FxTuneGainCaption","Text","Damper gain:",""
"src/TrueforceForAll.Plugin/SettingsControl.xaml","4047","Slider","FxTuneGainSlider","ToolTip","Scales the picked effect only: each family (damper, spring, friction, inertia, waveforms, ramp) keeps its own gain, so you can tune one, switch, and tune the next. Live while an engine effect plays. Save tuning stores them all.",""
"src/TrueforceForAll.Plugin/SettingsControl.xaml","4048","TextBox","FxTuneGainText","Text","0.25","numeric"
"src/TrueforceForAll.Plugin/SettingsControl.xaml","4049","Button","FxTuneResetKindButton","Content","Reset",""
"src/TrueforceForAll.Plugin/SettingsControl.xaml","4051","Button","FxTuneResetKindButton","ToolTip","Puts the picked effect's gain back to its shipped default. The other effects keep their tuning.",""
"src/TrueforceForAll.Plugin/SettingsControl.xaml","4052","CheckBox","FxTuneInertiaCoastsCheck","Content","Inertia coasts",""
"src/TrueforceForAll.Plugin/SettingsControl.xaml","4054","CheckBox","FxTuneInertiaCoastsCheck","ToolTip","On (default) is real inertia: the wheel resists the push, then carries on turning as the stored energy comes back. Off makes it only ever resist, which is what the wheel's own firmware does. Affects inertia only.",""
"src/TrueforceForAll.Plugin/SettingsControl.xaml","4055","CheckBox","FxTuneInertiaAsDampingCheck","Content","Inertia as damping",""
"src/TrueforceForAll.Plugin/SettingsControl.xaml","4057","CheckBox","FxTuneInertiaAsDampingCheck","ToolTip","Off (default) renders inertia properly, from how fast the wheel is speeding up. On renders it from how fast the wheel is turning instead, which is how the wheel's own native inertia feels. For A/B against the firmware. The inertia gain means a different thing in each mode, so retune after switching.",""
"src/TrueforceForAll.Plugin/SettingsControl.xaml","4058","CheckBox","FxTuneSignCheck","Content","Flip direction",""
"src/TrueforceForAll.Plugin/SettingsControl.xaml","4060","CheckBox","FxTuneSignCheck","ToolTip","Flips the velocity-coupled effects (damper, friction, inertia) if the rendered damper feels like an anti-damper. Springs never flip.",""
"src/TrueforceForAll.Plugin/SettingsControl.xaml","4063","TextBlock","FxBenchSection/Expander[1]/StackPanel[1]/StackPanel[4]/TextBlock[1]","Text","Condition filter:",""
"src/TrueforceForAll.Plugin/SettingsControl.xaml","4066","Slider","FxTuneLpfSlider","ToolTip","Low-pass on the PICKED condition's rendered output (anti-ringing). Per-effect, like the gain: each condition (damper, spring, friction, inertia) keeps its own, so drop the damper's below ~70 Hz to smooth a grainy damper without touching the rest. Follows the shared filter until you move it; Save tuning keeps it. 0 = off. Waveforms have no condition filter (greyed).",""
"src/TrueforceForAll.Plugin/SettingsControl.xaml","4067","TextBox","FxTuneLpfText","Text","200 Hz",""
"src/TrueforceForAll.Plugin/SettingsControl.xaml","4068","CheckBox","FxAutoTuneRepeatCheck","Content","x5","glyph"
"src/TrueforceForAll.Plugin/SettingsControl.xaml","4069","CheckBox","FxAutoTuneRepeatCheck","ToolTip","Run the calibration five times from the SAME starting gains and take the median, reporting the spread. More samples tighten the median: the noisier a measurement is, the more it needs them. Successive single runs are not independent (each measures a correction relative to the gains it starts from), so this is the way to tell a repeatable measurement from a noisy one. Takes about five times as long.",""
"src/TrueforceForAll.Plugin/SettingsControl.xaml","4070","Button","FxAutoTuneButton","Content","Auto-tune…",""
"src/TrueforceForAll.Plugin/SettingsControl.xaml","4071","Button","FxAutoTuneButton","ToolTip","Hands-free calibration (about a minute, hands OFF the wheel): bounded self-pulses measure the wheel's native damper, spring and friction against the plugin's renderer and set the gains to match; also measures the real native-vs-stream force scale. Verify by feel afterwards, then Save. Stop cancels.",""
"src/TrueforceForAll.Plugin/SettingsControl.xaml","4072","Button","FxTuneSaveButton","Content","Save tuning",""
"src/TrueforceForAll.Plugin/SettingsControl.xaml","4073","Button","FxTuneSaveButton","ToolTip","Persists every effect's gain plus direction and filter as the defaults for every session (auto-tune and DAMPCAL update gains too; save afterwards to keep them).",""
"src/TrueforceForAll.Plugin/SettingsControl.xaml","4074","Button","FxTuneResetAllButton","Content","Reset all",""
"src/TrueforceForAll.Plugin/SettingsControl.xaml","4075","Button","FxTuneResetAllButton","ToolTip","Puts every effect's gain, the direction and the filter back to shipped defaults. Live only: Save afterwards to keep it, or reopen SimHub to get your saved tuning back.",""
"src/TrueforceForAll.Plugin/SettingsControl.xaml","4096","sh:SHTabItem","LightsyncTab","Header","LIGHTSYNC & OLED",""
"src/TrueforceForAll.Plugin/SettingsControl.xaml","4120","TextBlock","LightsyncCycleHint/Grid[1]/StackPanel[1]/TextBlock[1]","Text","Your wheel holds five patterns. This holds as many as you like.",""
"src/TrueforceForAll.Plugin/SettingsControl.xaml","4122","TextBlock","LightsyncCycleHint/Grid[1]/StackPanel[1]/TextBlock[2]","Text","The extras are swapped into one slot as you go, so a button press walks the whole library without taking your hands off the wheel. Set that button here and you never need this tab mid-race.",""
"src/TrueforceForAll.Plugin/SettingsControl.xaml","4125","TextBlock","LightsyncCycleHint/Grid[1]/StackPanel[1]/Grid[1]/TextBlock[1]","Text","Next pattern",""
"src/TrueforceForAll.Plugin/SettingsControl.xaml","4127","shui:ControlsEditor","LightsyncCycleHint/Grid[1]/StackPanel[1]/Grid[1]/shui:ControlsEditor[1]","FriendlyName","TF4ALL: rev-light pattern next",""
"src/TrueforceForAll.Plugin/SettingsControl.xaml","4131","Button","LightsyncCycleHintDismiss","Content","✕","glyph"
"src/TrueforceForAll.Plugin/SettingsControl.xaml","4135","Button","LightsyncCycleHintDismiss","ToolTip","Don't show this again. Rev pattern next is on the Controls tab whenever you want it.",""
"src/TrueforceForAll.Plugin/SettingsControl.xaml","4155","TextBlock","LightsyncTab/ScrollViewer[1]/StackPanel[1]/Border[2]/TextBlock[1]","Text","Light patterns from car data",""
"src/TrueforceForAll.Plugin/SettingsControl.xaml","4160","CheckBox","AlwaysRememberPatternCheck","Content","Remember my pick for each car automatically",""
"src/TrueforceForAll.Plugin/SettingsControl.xaml","4162","CheckBox","AlwaysRememberPatternCheck","ToolTip","Off by default, so flicking through patterns to look at them does not pin whichever one you stopped on.",""
"src/TrueforceForAll.Plugin/SettingsControl.xaml","4164","TextBlock","LightsyncTab/ScrollViewer[1]/StackPanel[1]/TextBlock[1]","Text","Pick a pattern while you are in a car and it becomes that car's pattern, with no need to press Remember. Only deliberate picks count.",""
"src/TrueforceForAll.Plugin/SettingsControl.xaml","4165","CheckBox","LovelyCarDataCheck","Content","Match my wheel to the car I'm driving",""
"src/TrueforceForAll.Plugin/SettingsControl.xaml","4167","CheckBox","LovelyCarDataCheck","ToolTip","Works even in games that light the wheel themselves, because the colors are set once as the car loads and the game drives the lights from there. Needs community features, which is where the car data comes from.",""
"src/TrueforceForAll.Plugin/SettingsControl.xaml","4176","TextBlock","LovelyNeedsCommunityNote","Text","Turn on community features in the Settings tab to use this. The car data is fetched from there.",""
"src/TrueforceForAll.Plugin/SettingsControl.xaml","4178","TextBlock","LightsyncTab/ScrollViewer[1]/StackPanel[1]/TextBlock[3]","Text","Gives your wheel the car's own colors and fill direction as you get in it, lighting each LED at the RPM the real car does.",""
"src/TrueforceForAll.Plugin/SettingsControl.xaml","4189","Run","LightsyncTab/ScrollViewer[1]/StackPanel[1]/TextBlock[4]/Run[1]","Text","Light patterns, per-car redlines and blink rates by ",""
"src/TrueforceForAll.Plugin/SettingsControl.xaml","4190","Hyperlink","LightsyncTab/ScrollViewer[1]/StackPanel[1]/TextBlock[4]/Hyperlink[1]","ToolTip","Opens the lovely-car-data project on GitHub.",""
"src/TrueforceForAll.Plugin/SettingsControl.xaml","4190","Hyperlink","LightsyncTab/ScrollViewer[1]/StackPanel[1]/TextBlock[4]/Hyperlink[1]","#text","Lovely Sim Racing",""
"src/TrueforceForAll.Plugin/SettingsControl.xaml","4190","Run","LightsyncTab/ScrollViewer[1]/StackPanel[1]/TextBlock[4]/Run[2]","Text",", CC BY-NC-SA 4.0. ",""
"src/TrueforceForAll.Plugin/SettingsControl.xaml","4192","Hyperlink","LightsyncTab/ScrollViewer[1]/StackPanel[1]/TextBlock[4]/Hyperlink[2]","ToolTip","What the dataset covers, and what comes from our own car facts.",""
"src/TrueforceForAll.Plugin/SettingsControl.xaml","4192","Hyperlink","LightsyncTab/ScrollViewer[1]/StackPanel[1]/TextBlock[4]/Hyperlink[2]","#text","What this covers",""
"src/TrueforceForAll.Plugin/SettingsControl.xaml","4205","TextBlock","PatternMakerExpander/Expander.Header[1]/TextBlock[1]","Text","Pattern Editor",""
"src/TrueforceForAll.Plugin/SettingsControl.xaml","4209","TextBlock","PatternMakerExpander/StackPanel[1]/TextBlock[1]","Text","Make your own wheel light patterns. The wheel only stores five, so Trueforce For All keeps as many as you like and swaps them into one slot you lend it. Bind Rev pattern next on the Controls tab to step through them while you drive.",""
"src/TrueforceForAll.Plugin/SettingsControl.xaml","4227","TextBlock","PatternMakerExpander/StackPanel[1]/Grid[1]/StackPanel[1]/TextBlock[1]","Text","Your patterns",""
"src/TrueforceForAll.Plugin/SettingsControl.xaml","4231","ListBox","PatternList","ToolTip","Double-click a name to rename it. The bracketed ones live on the wheel; the rest are swapped in as needed, so they need SimHub running.",""
"src/TrueforceForAll.Plugin/SettingsControl.xaml","4233","TextBlock","PatternMakerExpander/StackPanel[1]/Grid[1]/StackPanel[1]/TextBlock[2]","Text","The blue bracket marks what is stored on the wheel itself. Everything below it is swapped in as needed.",""
"src/TrueforceForAll.Plugin/SettingsControl.xaml","4235","Button","PatternUpBtn","Content","Up",""
"src/TrueforceForAll.Plugin/SettingsControl.xaml","4236","Button","PatternDownBtn","Content","Down",""
"src/TrueforceForAll.Plugin/SettingsControl.xaml","4237","Button","PatternNewBtn","Content","New",""
"src/TrueforceForAll.Plugin/SettingsControl.xaml","4238","Button","PatternCopyBtn","Content","Copy",""
"src/TrueforceForAll.Plugin/SettingsControl.xaml","4239","Button","PatternCopyBtn","ToolTip","Duplicate this pattern, so a shipped one can be used as a starting point.",""
"src/TrueforceForAll.Plugin/SettingsControl.xaml","4240","Button","PatternResetBtn","Content","Reset",""
"src/TrueforceForAll.Plugin/SettingsControl.xaml","4241","Button","PatternResetBtn","ToolTip","Put a shipped pattern back the way it came.",""
"src/TrueforceForAll.Plugin/SettingsControl.xaml","4244","Button","PatternDeleteBtn","Content","Delete",""
"src/TrueforceForAll.Plugin/SettingsControl.xaml","4249","TextBlock","PatternMakerExpander/StackPanel[1]/Grid[1]/StackPanel[1]/TextBlock[3]","Text","Up and Down decide where a pattern lives. The top five are the wheel's own slots: move one up into them and it goes onto the wheel, move it down and it comes off.",""
"src/TrueforceForAll.Plugin/SettingsControl.xaml","4259","TextBlock","PatternMakerExpander/StackPanel[1]/Grid[1]/StackPanel[2]/Grid[1]/TextBlock[1]","Text","Name:",""
"src/TrueforceForAll.Plugin/SettingsControl.xaml","4262","TextBlock","PatternMakerExpander/StackPanel[1]/Grid[1]/StackPanel[2]/Grid[1]/TextBlock[2]","Text","Fills:",""
"src/TrueforceForAll.Plugin/SettingsControl.xaml","4265","ComboBox","PatternDirectionCombo","ToolTip","Which way the lights come up as the revs climb.",""
"src/TrueforceForAll.Plugin/SettingsControl.xaml","4269","CheckBox","PatternApplyTrimBox","Content","Apply LED color tuning",""
"src/TrueforceForAll.Plugin/SettingsControl.xaml","4271","CheckBox","PatternApplyTrimBox","ToolTip","On for colors you picked on screen, so they come out on the wheel looking like they do here. Off for a pattern you took off the wheel or tuned by eye on the rim: the tuning is already baked into those colors, and applying it again would shift them.",""
"src/TrueforceForAll.Plugin/SettingsControl.xaml","4274","TextBlock","PatternMakerExpander/StackPanel[1]/Grid[1]/StackPanel[2]/TextBlock[1]","Text","Click an LED to select it. Left here is left on the wheel, and the wheel shows the whole pattern while you work.",""
"src/TrueforceForAll.Plugin/SettingsControl.xaml","4291","TextBlock","PatternSelectedLedText","Text","LED 1",""
"src/TrueforceForAll.Plugin/SettingsControl.xaml","4298","TextBox","PatternHexBox","ToolTip","RRGGBB for the selected LED.",""
"src/TrueforceForAll.Plugin/SettingsControl.xaml","4304","TextBlock","PatternMakerExpander/StackPanel[1]/Grid[1]/StackPanel[2]/Border[1]/Grid[1]/StackPanel[2]/Grid[1]/TextBlock[1]","Text","R","glyph"
"src/TrueforceForAll.Plugin/SettingsControl.xaml","4307","TextBox","PatternRText","Text","0","numeric"
"src/TrueforceForAll.Plugin/SettingsControl.xaml","4311","TextBlock","PatternMakerExpander/StackPanel[1]/Grid[1]/StackPanel[2]/Border[1]/Grid[1]/StackPanel[2]/Grid[2]/TextBlock[1]","Text","G","glyph"
"src/TrueforceForAll.Plugin/SettingsControl.xaml","4314","TextBox","PatternGText","Text","0","numeric"
"src/TrueforceForAll.Plugin/SettingsControl.xaml","4318","TextBlock","PatternMakerExpander/StackPanel[1]/Grid[1]/StackPanel[2]/Border[1]/Grid[1]/StackPanel[2]/Grid[3]/TextBlock[1]","Text","B","glyph"
"src/TrueforceForAll.Plugin/SettingsControl.xaml","4321","TextBox","PatternBText","Text","0","numeric"
"src/TrueforceForAll.Plugin/SettingsControl.xaml","4334","Button","PatternPreviewBtn","Content","Play pattern",""
"src/TrueforceForAll.Plugin/SettingsControl.xaml","4335","Button","PatternPreviewBtn","ToolTip","Sweeps the strip so you can watch which way it fills.",""
"src/TrueforceForAll.Plugin/SettingsControl.xaml","4336","Button","PatternFillAllBtn","Content","Fill all",""
"src/TrueforceForAll.Plugin/SettingsControl.xaml","4337","Button","PatternFillAllBtn","ToolTip","Set every LED to the current color.",""
"src/TrueforceForAll.Plugin/SettingsControl.xaml","4338","Button","PatternMirrorBtn","Content","Mirror",""
"src/TrueforceForAll.Plugin/SettingsControl.xaml","4339","Button","PatternMirrorBtn","ToolTip","Copy the LED you have selected onto the one opposite it, so LED 2 pairs with LED 9. For the fills that work in pairs.",""
"src/TrueforceForAll.Plugin/SettingsControl.xaml","4340","Button","PatternReverseBtn","Content","Reverse",""
"src/TrueforceForAll.Plugin/SettingsControl.xaml","4341","Button","PatternReverseBtn","ToolTip","Turn the whole strip back to front, so the first LED takes the last one's color. For a ramp built from the wrong end.",""
"src/TrueforceForAll.Plugin/SettingsControl.xaml","4358","TextBlock","LedTrimExpander/Expander.Header[1]/TextBlock[1]","Text","Color Trim",""
"src/TrueforceForAll.Plugin/SettingsControl.xaml","4362","TextBlock","LedTrimPanel/TextBlock[1]","Text","Your wheel's LEDs are not equally bright per color, and this makes up the difference. Yellow looking green? Bring green down. White looking blue? Bring blue down. Judge it on the rim, not on screen, and move in small steps. Set it once and leave it.",""
"src/TrueforceForAll.Plugin/SettingsControl.xaml","4373","TextBlock","LedTrimPanel/TextBlock[2]","Text","Only the gap between the sliders matters. The highest one is the reference and keeps its color as authored; the others are cut relative to it. Three equal sliders means no correction at all, whatever the number.",""
"src/TrueforceForAll.Plugin/SettingsControl.xaml","4378","TextBlock","LedTrimPanel/Grid[1]/TextBlock[1]","Text","Red:",""
"src/TrueforceForAll.Plugin/SettingsControl.xaml","4382","Slider","LedTrimRSlider","ToolTip","Normally left at 100. Red is usually the dimmest of the three, so there is nothing to gain by cutting it further.",""
"src/TrueforceForAll.Plugin/SettingsControl.xaml","4383","TextBox","LedTrimRText","Text","100%","numeric"
"src/TrueforceForAll.Plugin/SettingsControl.xaml","4389","TextBlock","LedTrimPanel/Grid[2]/TextBlock[1]","Text","Green:",""
"src/TrueforceForAll.Plugin/SettingsControl.xaml","4393","Slider","LedTrimGSlider","ToolTip","Show yellow, then bring this down until it stops looking green.",""
"src/TrueforceForAll.Plugin/SettingsControl.xaml","4394","TextBox","LedTrimGText","Text","100%","numeric"
"src/TrueforceForAll.Plugin/SettingsControl.xaml","4400","TextBlock","LedTrimPanel/Grid[3]/TextBlock[1]","Text","Blue:",""
"src/TrueforceForAll.Plugin/SettingsControl.xaml","4404","Slider","LedTrimBSlider","ToolTip","Show white, then bring this down until the strip looks neutral rather than tinted.",""
"src/TrueforceForAll.Plugin/SettingsControl.xaml","4405","TextBox","LedTrimBText","Text","100%","numeric"
"src/TrueforceForAll.Plugin/SettingsControl.xaml","4408","Button","LedTrimYellowBtn","Content","Show yellow",""
"src/TrueforceForAll.Plugin/SettingsControl.xaml","4410","Button","LedTrimYellowBtn","ToolTip","Light all ten in plain yellow, the color that shows a green imbalance most clearly.",""
"src/TrueforceForAll.Plugin/SettingsControl.xaml","4411","Button","LedTrimWhiteBtn","Content","Show white",""
"src/TrueforceForAll.Plugin/SettingsControl.xaml","4413","Button","LedTrimWhiteBtn","ToolTip","Light all ten in plain white. Hold a sheet of paper next to it and trim until they agree.",""
"src/TrueforceForAll.Plugin/SettingsControl.xaml","4414","Button","LedTrimResetBtn","Content","Reset",""
"src/TrueforceForAll.Plugin/SettingsControl.xaml","4416","Button","LedTrimResetBtn","ToolTip","Put the trim back to the tuning this wheel ships with.",""
"src/TrueforceForAll.Plugin/SettingsControl.xaml","4432","TextBlock","LightsyncScreenExpander/Expander.Header[1]/TextBlock[1]","Text","Dynamic OLED",""
"src/TrueforceForAll.Plugin/SettingsControl.xaml","4443","sh:SHTabItem","PresetsTab","Header","Presets",""
"src/TrueforceForAll.Plugin/SettingsControl.xaml","4448","sh:SHTabItem","ControlsTab","Header","Controls",""
"src/TrueforceForAll.Plugin/SettingsControl.xaml","4451","TextBlock","ControlsTabHost/Border[1]/TextBlock[1]","Text","Controller bindings",""
"src/TrueforceForAll.Plugin/SettingsControl.xaml","4453","TextBlock","ControlsTabHost/TextBlock[1]","Text","Bind wheel or button-box controls to adjust things while you drive, without opening this panel. Click a field below, then press the button you want to use. Master gain stays between 0 and 2.",""
"src/TrueforceForAll.Plugin/SettingsControl.xaml","4458","TextBlock","ControlsTabHost/Grid[1]/TextBlock[1]","Text","Step per press",""
"src/TrueforceForAll.Plugin/SettingsControl.xaml","4459","TextBlock","ControlsTabHost/Grid[1]/TextBlock[1]","ToolTip","How far master gain moves on each press of the bound buttons below.",""
"src/TrueforceForAll.Plugin/SettingsControl.xaml","4462","Slider","MasterGainStepSlider","IsSnapToTickEnabled","False","identifier"
"src/TrueforceForAll.Plugin/SettingsControl.xaml","4464","TextBox","MasterGainStepText","Text","0.05","numeric"
"src/TrueforceForAll.Plugin/SettingsControl.xaml","4469","TextBlock","ControlsTabHost/Grid[2]/TextBlock[1]","Text","Master gain up",""
"src/TrueforceForAll.Plugin/SettingsControl.xaml","4471","shui:ControlsEditor","ControlsTabHost/Grid[2]/shui:ControlsEditor[1]","FriendlyName","TF4ALL: master gain up",""
"src/TrueforceForAll.Plugin/SettingsControl.xaml","4475","TextBlock","ControlsTabHost/Grid[3]/TextBlock[1]","Text","Master gain down",""
"src/TrueforceForAll.Plugin/SettingsControl.xaml","4477","shui:ControlsEditor","ControlsTabHost/Grid[3]/shui:ControlsEditor[1]","FriendlyName","TF4ALL: master gain down",""
"src/TrueforceForAll.Plugin/SettingsControl.xaml","4481","TextBlock","ControlsTabHost/Grid[4]/TextBlock[1]","Text","Telemetry FFB up",""
"src/TrueforceForAll.Plugin/SettingsControl.xaml","4483","shui:ControlsEditor","ControlsTabHost/Grid[4]/shui:ControlsEditor[1]","FriendlyName","TF4ALL: telemetry FFB strength up",""
"src/TrueforceForAll.Plugin/SettingsControl.xaml","4487","TextBlock","ControlsTabHost/Grid[5]/TextBlock[1]","Text","Telemetry FFB down",""
"src/TrueforceForAll.Plugin/SettingsControl.xaml","4489","shui:ControlsEditor","ControlsTabHost/Grid[5]/shui:ControlsEditor[1]","FriendlyName","TF4ALL: telemetry FFB strength down",""
"src/TrueforceForAll.Plugin/SettingsControl.xaml","4493","TextBlock","ControlsTabHost/Grid[6]/TextBlock[1]","Text","Wheel OLED next",""
"src/TrueforceForAll.Plugin/SettingsControl.xaml","4495","shui:ControlsEditor","ControlsTabHost/Grid[6]/shui:ControlsEditor[1]","FriendlyName","TF4ALL: wheel OLED next",""
"src/TrueforceForAll.Plugin/SettingsControl.xaml","4499","TextBlock","ControlsTabHost/Grid[7]/TextBlock[1]","Text","Wheel OLED back",""
"src/TrueforceForAll.Plugin/SettingsControl.xaml","4501","shui:ControlsEditor","ControlsTabHost/Grid[7]/shui:ControlsEditor[1]","FriendlyName","TF4ALL: wheel OLED back",""
"src/TrueforceForAll.Plugin/SettingsControl.xaml","4505","TextBlock","ControlsTabHost/Grid[8]/TextBlock[1]","Text","Rev pattern next",""
"src/TrueforceForAll.Plugin/SettingsControl.xaml","4507","shui:ControlsEditor","ControlsTabHost/Grid[8]/shui:ControlsEditor[1]","FriendlyName","TF4ALL: rev-light pattern next",""
"src/TrueforceForAll.Plugin/SettingsControl.xaml","4511","TextBlock","ControlsTabHost/Grid[9]/TextBlock[1]","Text","Rev pattern back",""
"src/TrueforceForAll.Plugin/SettingsControl.xaml","4513","shui:ControlsEditor","ControlsTabHost/Grid[9]/shui:ControlsEditor[1]","FriendlyName","TF4ALL: rev-light pattern back",""
"src/TrueforceForAll.Plugin/SettingsControl.xaml","4517","TextBlock","ControlsTabHost/Grid[10]/TextBlock[1]","Text","Dash tab next",""
"src/TrueforceForAll.Plugin/SettingsControl.xaml","4519","shui:ControlsEditor","ControlsTabHost/Grid[10]/shui:ControlsEditor[1]","FriendlyName","TF4ALL: dash tab next",""
"src/TrueforceForAll.Plugin/SettingsControl.xaml","4523","TextBlock","ControlsTabHost/Grid[11]/TextBlock[1]","Text","Dash tab back",""
"src/TrueforceForAll.Plugin/SettingsControl.xaml","4525","shui:ControlsEditor","ControlsTabHost/Grid[11]/shui:ControlsEditor[1]","FriendlyName","TF4ALL: dash tab back",""
"src/TrueforceForAll.Plugin/SettingsControl.xaml","4529","TextBlock","ControlsTabHost/Grid[12]/TextBlock[1]","Text","Peak force up",""
"src/TrueforceForAll.Plugin/SettingsControl.xaml","4531","shui:ControlsEditor","ControlsTabHost/Grid[12]/shui:ControlsEditor[1]","FriendlyName","TF4ALL: peak force up (iRacing, Le Mans Ultimate, RaceRoom)",""
"src/TrueforceForAll.Plugin/SettingsControl.xaml","4535","TextBlock","ControlsTabHost/Grid[13]/TextBlock[1]","Text","Peak force down",""
"src/TrueforceForAll.Plugin/SettingsControl.xaml","4537","shui:ControlsEditor","ControlsTabHost/Grid[13]/shui:ControlsEditor[1]","FriendlyName","TF4ALL: peak force down (iRacing, Le Mans Ultimate, RaceRoom)",""
"src/TrueforceForAll.Plugin/SettingsControl.xaml","4545","TextBlock","ControlsTabHost/Grid[14]/TextBlock[1]","Text","Auto force",""
"src/TrueforceForAll.Plugin/SettingsControl.xaml","4546","TextBlock","ControlsTabHost/Grid[14]/TextBlock[1]","ToolTip","Runs the current game's auto force calibration in one press: it either adopts the force level it has learned or clears it so the car calibrates again. The log line says which.",""
"src/TrueforceForAll.Plugin/SettingsControl.xaml","4548","shui:ControlsEditor","ControlsTabHost/Grid[14]/shui:ControlsEditor[1]","FriendlyName","TF4ALL: auto force (calibrate this car)",""
"src/TrueforceForAll.Plugin/SettingsControl.xaml","4552","TextBlock","ControlsTabHost/TextBlock[2]","Text","These actions also appear in SimHub's Controls and events list. Bindings are stored by SimHub, not in your TF4ALL preset.",""
"src/TrueforceForAll.Plugin/SettingsControl.xaml","4558","sh:SHTabItem","SettingsTab","Header","Settings",""
"src/TrueforceForAll.Plugin/SettingsControl.xaml","4569","TextBlock","UpdatesExpander/Expander.Header[1]/TextBlock[1]","Text","Updates",""
"src/TrueforceForAll.Plugin/SettingsControl.xaml","4573","TextBlock","UpdatesExpander/StackPanel[1]/StackPanel[1]/TextBlock[1]","Text","Check for app updates:",""
"src/TrueforceForAll.Plugin/SettingsControl.xaml","4577","ComboBox","UpdateCheckIntervalCombo","ToolTip","How often the plugin checks GitHub for a newer release while it's running. A check always runs once when SimHub starts, and the header's 'Check for updates' link checks on demand, no matter what you pick here. 'On startup only' just turns off the background re-checks.",""
"src/TrueforceForAll.Plugin/SettingsControl.xaml","4578","ComboBoxItem","UpdateCheckIntervalCombo/ComboBoxItem[1]","Content","On startup only",""
"src/TrueforceForAll.Plugin/SettingsControl.xaml","4579","ComboBoxItem","UpdateCheckIntervalCombo/ComboBoxItem[2]","Content","Every hour",""
"src/TrueforceForAll.Plugin/SettingsControl.xaml","4580","ComboBoxItem","UpdateCheckIntervalCombo/ComboBoxItem[3]","Content","Every 2 hours",""
"src/TrueforceForAll.Plugin/SettingsControl.xaml","4581","ComboBoxItem","UpdateCheckIntervalCombo/ComboBoxItem[4]","Content","Every 6 hours",""
"src/TrueforceForAll.Plugin/SettingsControl.xaml","4582","ComboBoxItem","UpdateCheckIntervalCombo/ComboBoxItem[5]","Content","Daily",""
"src/TrueforceForAll.Plugin/SettingsControl.xaml","4586","TextBlock","UpdatesExpander/StackPanel[1]/TextBlock[1]","Text","When an update is available, an 'Update to vX.Y.Z' button appears in the header up top.",""
"src/TrueforceForAll.Plugin/SettingsControl.xaml","4591","CheckBox","BetaUpdatesCheck","Content","Get beta (pre-release) updates in-app",""
"src/TrueforceForAll.Plugin/SettingsControl.xaml","4594","CheckBox","BetaUpdatesCheck","ToolTip","Receive pre-release 'beta' builds through the in-app updater, so you can try new effects and fixes before they reach the stable release. Pre-releases are always public on GitHub; this just brings them to the in-app updater. Turn it off to return to the stable release next time one ships.",""
"src/TrueforceForAll.Plugin/SettingsControl.xaml","4596","TextBlock","BetaUpdatesNote","Text","","empty"
"src/TrueforceForAll.Plugin/SettingsControl.xaml","4598","TextBlock","UpdatesExpander/StackPanel[1]/TextBlock[3]","Text","Beta builds get fixes and new effects first, but are less tested.",""
"src/TrueforceForAll.Plugin/SettingsControl.xaml","4606","TextBlock","RemoteDashExpander/Expander.Header[1]/TextBlock[1]","Text","TF4ALL Dash",""
"src/TrueforceForAll.Plugin/SettingsControl.xaml","4615","TextBlock","RemoteDashExpander/StackPanel[1]/StackPanel[1]/TextBlock[1]","Text","Theme",""
"src/TrueforceForAll.Plugin/SettingsControl.xaml","4618","ComboBox","RemoteDashThemeCombo","ToolTip","Repaints the dashboard live. Themes change the structural colors only: the greens and reds that mean something keep their meaning.",""
"src/TrueforceForAll.Plugin/SettingsControl.xaml","4624","Button","DashPhoneSettingsButton","Content","Open on your phone or tablet…",""
"src/TrueforceForAll.Plugin/SettingsControl.xaml","4628","Button","DashPhoneSettingsButton","ToolTip","Shows a QR code and link that open TF4ALL Dash on your phone.",""
"src/TrueforceForAll.Plugin/SettingsControl.xaml","4630","TextBlock","RemoteDashExpander/StackPanel[1]/TextBlock[1]","Text","Control effects, gains, and presets from your phone or tablet while driving.",""
"src/TrueforceForAll.Plugin/SettingsControl.xaml","4634","TextBlock","RemoteDashExpander/StackPanel[1]/Expander[1]/Expander.Header[1]/TextBlock[1]","Text","Tabs",""
"src/TrueforceForAll.Plugin/SettingsControl.xaml","4637","TextBlock","RemoteDashExpander/StackPanel[1]/Expander[1]/StackPanel[1]/TextBlock[1]","Text","Opening tab:",""
"src/TrueforceForAll.Plugin/SettingsControl.xaml","4638","CheckBox","RemoteDashRememberTabCheck","Content","Remember last used tab",""
"src/TrueforceForAll.Plugin/SettingsControl.xaml","4640","CheckBox","RemoteDashRememberTabCheck","ToolTip","The dash comes back on whichever tab was open last, surviving SimHub restarts.",""
"src/TrueforceForAll.Plugin/SettingsControl.xaml","4642","TextBlock","RemoteDashExpander/StackPanel[1]/Expander[1]/StackPanel[1]/StackPanel[1]/TextBlock[1]","Text","Default tab:",""
"src/TrueforceForAll.Plugin/SettingsControl.xaml","4647","ComboBox","RemoteDashDefaultTabCombo","ToolTip","The tab the dash opens on when 'Remember last used tab' is off. Applies at the next SimHub start.",""
"src/TrueforceForAll.Plugin/SettingsControl.xaml","4654","TextBlock","RemoteDashExpander/StackPanel[1]/Expander[1]/StackPanel[1]/TextBlock[2]","Text","Tabs:",""
"src/TrueforceForAll.Plugin/SettingsControl.xaml","4657","TextBlock","RemoteDashExpander/StackPanel[1]/Expander[1]/StackPanel[1]/TextBlock[3]","Text","Untick a tab to hide it on the dash; use the arrows to change the order. At least one tab always stays on.",""
"src/TrueforceForAll.Plugin/SettingsControl.xaml","4667","TextBlock","RemoteDashExpander/StackPanel[1]/Expander[2]/Expander.Header[1]/TextBlock[1]","Text","Drive Tab",""
"src/TrueforceForAll.Plugin/SettingsControl.xaml","4670","TextBlock","RemoteDashExpander/StackPanel[1]/Expander[2]/StackPanel[1]/TextBlock[1]","Text","Drive tab boxes:",""
"src/TrueforceForAll.Plugin/SettingsControl.xaml","4672","RadioButton","RemoteDashDriveTwoRowsRadio","Content","Two rows (tablet)",""
"src/TrueforceForAll.Plugin/SettingsControl.xaml","4673","RadioButton","RemoteDashDriveTwoRowsRadio","ToolTip","All four boxes, two above and two below.",""
"src/TrueforceForAll.Plugin/SettingsControl.xaml","4675","RadioButton","RemoteDashDriveOneRowRadio","Content","Bottom row only (phone)",""
"src/TrueforceForAll.Plugin/SettingsControl.xaml","4676","RadioButton","RemoteDashDriveOneRowRadio","ToolTip","Just the bottom two boxes, with a bigger gear readout above them.",""
"src/TrueforceForAll.Plugin/SettingsControl.xaml","4683","TextBlock","RemoteDashDriveSlot0Label","Text","Top left:",""
"src/TrueforceForAll.Plugin/SettingsControl.xaml","4685","TextBlock","RemoteDashDriveSlot1Label","Text","Top right:",""
"src/TrueforceForAll.Plugin/SettingsControl.xaml","4687","TextBlock","RemoteDashExpander/StackPanel[1]/Expander[2]/StackPanel[1]/Grid[1]/TextBlock[3]","Text","Bottom left:",""
"src/TrueforceForAll.Plugin/SettingsControl.xaml","4689","TextBlock","RemoteDashExpander/StackPanel[1]/Expander[2]/StackPanel[1]/Grid[1]/TextBlock[4]","Text","Bottom right:",""
"src/TrueforceForAll.Plugin/SettingsControl.xaml","4693","TextBlock","RemoteDashExpander/StackPanel[1]/Expander[2]/StackPanel[1]/TextBlock[2]","Text","Lap times, tire and fuel readouts come from the game, so what they show depends on what that game reports.",""
"src/TrueforceForAll.Plugin/SettingsControl.xaml","4695","CheckBox","RemoteDashDrivePerGameCheck","Content","Remember box layout per game",""
"src/TrueforceForAll.Plugin/SettingsControl.xaml","4697","CheckBox","RemoteDashDrivePerGameCheck","ToolTip","Each game keeps its own set of four boxes, and switching games loads the one you last used there. Games report different telemetry, so a layout that fills up in one can be half empty in another.",""
"src/TrueforceForAll.Plugin/SettingsControl.xaml","4699","TextBlock","RemoteDashExpander/StackPanel[1]/Expander[2]/StackPanel[1]/TextBlock[3]","Text","With this on, a game you have not set up yet uses the layout above, and so do changes you make with no game running.",""
"src/TrueforceForAll.Plugin/SettingsControl.xaml","4701","CheckBox","RemoteDashPedalsCheck","Content","Show pedals and steering around the gear",""
"src/TrueforceForAll.Plugin/SettingsControl.xaml","4703","CheckBox","RemoteDashPedalsCheck","ToolTip","Thin throttle and brake bars either side of the gear on the Drive tab, with steering underneath.",""
"src/TrueforceForAll.Plugin/SettingsControl.xaml","4704","CheckBox","RemoteDashRevCenteredCheck","Content","Narrow the rev strip on the Drive tab",""
"src/TrueforceForAll.Plugin/SettingsControl.xaml","4706","CheckBox","RemoteDashRevCenteredCheck","ToolTip","On the Drive tab only: the strip spans the space above the gear between the two box columns instead of the full width. Other tabs are always full width.",""
"src/TrueforceForAll.Plugin/SettingsControl.xaml","4711","TextBlock","RemoteDashExpander/StackPanel[1]/Expander[3]/Expander.Header[1]/TextBlock[1]","Text","Rev Lights",""
"src/TrueforceForAll.Plugin/SettingsControl.xaml","4714","TextBlock","RemoteDashExpander/StackPanel[1]/Expander[3]/StackPanel[1]/TextBlock[1]","Text","Rev light direction:",""
"src/TrueforceForAll.Plugin/SettingsControl.xaml","4715","RadioButton","RemoteRevAutoRadio","Content","Auto (follow the wheel)",""
"src/TrueforceForAll.Plugin/SettingsControl.xaml","4717","RadioButton","RemoteRevAutoRadio","ToolTip","The strip shows your wheel's rev lights: their colors, their fill direction, and the switch-on points of the car you are driving. Falls back to the settings below on a wheel whose lights we cannot read.",""
"src/TrueforceForAll.Plugin/SettingsControl.xaml","4718","RadioButton","RemoteRevLtrRadio","Content","Left to right",""
"src/TrueforceForAll.Plugin/SettingsControl.xaml","4720","RadioButton","RemoteRevLtrRadio","ToolTip","The rev strip fills from the left edge toward the right as revs climb.",""
"src/TrueforceForAll.Plugin/SettingsControl.xaml","4721","RadioButton","RemoteRevOutsideInRadio","Content","Outside in",""
"src/TrueforceForAll.Plugin/SettingsControl.xaml","4723","RadioButton","RemoteRevOutsideInRadio","ToolTip","The rev strip lights from both ends toward the center as revs climb.",""
"src/TrueforceForAll.Plugin/SettingsControl.xaml","4725","TextBlock","RemoteDashExpander/StackPanel[1]/Expander[3]/StackPanel[1]/TextBlock[2]","Text","Applies to the rev LED strip on the TF4ALL Dash dashboard. On Auto the strip is your wheel's own strip, drawn on the phone. The other two draw a green to red ramp scaled to the current car's redline, which is also what Auto falls back to when there is no wheel to follow. Either way it flashes in step with the wheel at the redline, and changes apply instantly with no dashboard reload.",""
"src/TrueforceForAll.Plugin/SettingsControl.xaml","4730","TextBlock","RemoteDashExpander/StackPanel[1]/Expander[4]/Expander.Header[1]/TextBlock[1]","Text","Alerts",""
"src/TrueforceForAll.Plugin/SettingsControl.xaml","4733","CheckBox","RemoteDashFlagsCheck","Content","Show race flags on the dash",""
"src/TrueforceForAll.Plugin/SettingsControl.xaml","4735","CheckBox","RemoteDashFlagsCheck","ToolTip","A colored band across the top of the dash whenever a flag is out.",""
"src/TrueforceForAll.Plugin/SettingsControl.xaml","4737","TextBlock","RemoteDashExpander/StackPanel[1]/Expander[4]/StackPanel[1]/TextBlock[1]","Text","Shows yellow, blue, black, white and chequered flags in a band across whichever tab is open. Forza does not report flags, so the band never appears there.",""
"src/TrueforceForAll.Plugin/SettingsControl.xaml","4739","CheckBox","RemoteDashSpotterCheck","Content","Show the spotter when a car is alongside",""
"src/TrueforceForAll.Plugin/SettingsControl.xaml","4741","CheckBox","RemoteDashSpotterCheck","ToolTip","A bar down the edge of whichever tab is open while a car is beside you on that side. Only games that report car positions can drive it; it never appears in the others.",""
"src/TrueforceForAll.Plugin/SettingsControl.xaml","4743","CheckBox","RemoteDashIncidentsCheck","Content","Show incident points (iRacing)",""
"src/TrueforceForAll.Plugin/SettingsControl.xaml","4745","CheckBox","RemoteDashIncidentsCheck","ToolTip","Your incident count sits under the speed on the Drive tab. A band across the top of the dash announces each new incident with what it cost (1x, 4x), and the wheel's screen shows it too. iRacing is the only game that publishes a count, so nothing appears anywhere else.",""
"src/TrueforceForAll.Plugin/SettingsControl.xaml","4747","TextBlock","RemoteDashExpander/StackPanel[1]/Expander[4]/StackPanel[1]/TextBlock[2]","Text","Shows the points you have taken against the limit that ends your session, turning violet and then red as you run out of room.",""
"src/TrueforceForAll.Plugin/SettingsControl.xaml","4752","TextBlock","RemoteDashExpander/StackPanel[1]/Expander[5]/Expander.Header[1]/TextBlock[1]","Text","Idle Card",""
"src/TrueforceForAll.Plugin/SettingsControl.xaml","4755","TextBlock","RemoteDashExpander/StackPanel[1]/Expander[5]/StackPanel[1]/TextBlock[1]","Text","Idle mode",""
"src/TrueforceForAll.Plugin/SettingsControl.xaml","4756","CheckBox","RemoteDashIdleCheck","Content","Show the idle card when no game is running",""
"src/TrueforceForAll.Plugin/SettingsControl.xaml","4757","CheckBox","RemoteDashIdleCheck","ToolTip","Shows an ambient card with your name and number instead of an empty dashboard. It clears the moment a game starts, and the card has its own Exit button.",""
"src/TrueforceForAll.Plugin/SettingsControl.xaml","4760","TextBlock","RemoteDashExpander/StackPanel[1]/Expander[5]/StackPanel[1]/StackPanel[1]/TextBlock[1]","Text","Parked for",""
"src/TrueforceForAll.Plugin/SettingsControl.xaml","4763","TextBox","RemoteDashIdleDelayBox","ToolTip","Only applies while a game IS running: how long the car must sit still before the card takes over from the dashboard. Set it long if you would rather it never interrupted a session. With no game running the card shows straight away regardless.",""
"src/TrueforceForAll.Plugin/SettingsControl.xaml","4764","TextBlock","RemoteDashExpander/StackPanel[1]/Expander[5]/StackPanel[1]/StackPanel[1]/TextBlock[2]","Text","seconds",""
"src/TrueforceForAll.Plugin/SettingsControl.xaml","4765","TextBlock","RemoteDashExpander/StackPanel[1]/Expander[5]/StackPanel[1]/StackPanel[1]/TextBlock[3]","Text","Background",""
"src/TrueforceForAll.Plugin/SettingsControl.xaml","4770","TextBlock","RemoteDashExpander/StackPanel[1]/Expander[5]/StackPanel[1]/StackPanel[2]/TextBlock[1]","Text","Driver name",""
"src/TrueforceForAll.Plugin/SettingsControl.xaml","4773","TextBlock","RemoteDashExpander/StackPanel[1]/Expander[5]/StackPanel[1]/StackPanel[2]/TextBlock[2]","Text","Number",""
"src/TrueforceForAll.Plugin/SettingsControl.xaml","4776","TextBlock","RemoteDashExpander/StackPanel[1]/Expander[5]/StackPanel[1]/StackPanel[2]/TextBlock[3]","Text","Color",""
"src/TrueforceForAll.Plugin/SettingsControl.xaml","4779","TextBlock","RemoteDashExpander/StackPanel[1]/Expander[5]/StackPanel[1]/StackPanel[2]/TextBlock[4]","Text","Font",""
"src/TrueforceForAll.Plugin/SettingsControl.xaml","4782","ComboBox","RemoteDashIdleFontCombo","ToolTip","Applies to the name and number on the idle card. The font has to exist on the device showing the dash, so an unknown one quietly falls back to the default.",""
"src/TrueforceForAll.Plugin/SettingsControl.xaml","4783","CheckBox","RemoteDashIdleNameAboveCheck","Content","Name above",""
"src/TrueforceForAll.Plugin/SettingsControl.xaml","4785","CheckBox","RemoteDashIdleNameAboveCheck","ToolTip","Puts the driver name over the number instead of under it.",""
"src/TrueforceForAll.Plugin/SettingsControl.xaml","4798","TextBlock","UdpTelemetryExpander/Expander.Header[1]/TextBlock[1]","Text","UDP Telemetry",""
"src/TrueforceForAll.Plugin/SettingsControl.xaml","4827","TextBlock","ForzaSection/Grid[1]/TextBlock[1]","Text","Port:",""
"src/TrueforceForAll.Plugin/SettingsControl.xaml","4829","TextBox","ForzaPortBox","ToolTip","Match this in Forza's DATA OUT IP PORT. Default 5300; pick anything if it collides with another listener (SimHub's typical 4123, Sim Racing Studio's 4123, etc.).",""
"src/TrueforceForAll.Plugin/SettingsControl.xaml","4831","TextBlock","ForzaSection/Grid[1]/TextBlock[2]","Text","Takes effect immediately.",""
"src/TrueforceForAll.Plugin/SettingsControl.xaml","4839","TextBlock","ForzaSection/Grid[2]/TextBlock[1]","Text","Bind address:",""
"src/TrueforceForAll.Plugin/SettingsControl.xaml","4841","TextBox","ForzaBindBox","ToolTip","Local IP to listen on. 0.0.0.0 = all interfaces (recommended). Use a specific LAN IP only if you want to filter.",""
"src/TrueforceForAll.Plugin/SettingsControl.xaml","4843","TextBlock","ForzaSection/Grid[2]/TextBlock[2]","Text","0.0.0.0 = listen on every network adapter.",""
"src/TrueforceForAll.Plugin/SettingsControl.xaml","4850","TextBlock","ForzaSection/Grid[3]/TextBlock[1]","Text","Status:",""
"src/TrueforceForAll.Plugin/SettingsControl.xaml","4851","TextBlock","ForzaStatusText","Text","(idle)",""
"src/TrueforceForAll.Plugin/SettingsControl.xaml","4861","TextBlock","ForzaDiscoveryText","Text","Forza packets detected on a different port.",""
"src/TrueforceForAll.Plugin/SettingsControl.xaml","4862","Button","ForzaDiscoveryAdoptButton","Content","Switch",""
"src/TrueforceForAll.Plugin/SettingsControl.xaml","4865","Button","ForzaDiscoveryDismissButton","Content","Dismiss",""
"src/TrueforceForAll.Plugin/SettingsControl.xaml","4878","CheckBox","ForzaForwardEnabledCheck","Content","Also forward to SimHub (dashboards, ShakeIt / Buttkicker, etc.)",""
"src/TrueforceForAll.Plugin/SettingsControl.xaml","4880","CheckBox","ForzaForwardEnabledCheck","ToolTip","Enable when you also use SimHub for Forza (dashboards, ShakeIt bass shakers / Buttkicker, anything SimHub drives). Forza can only send telemetry to one place, so this plugin receives it and relays every packet on to SimHub. Live telemetry passes through unaltered; short replay and menu gaps are filled on the forwarded copy so SimHub does not read them as the game disconnecting.",""
"src/TrueforceForAll.Plugin/SettingsControl.xaml","4884","TextBlock","ForzaSection/Border[2]/StackPanel[1]/TextBlock[1]","Text","Forza already points at this plugin; this just relays a copy on to SimHub.",""
"src/TrueforceForAll.Plugin/SettingsControl.xaml","4896","TextBlock","ForzaSection/Border[2]/StackPanel[1]/Grid[1]/TextBlock[1]","Text","Forward to host:",""
"src/TrueforceForAll.Plugin/SettingsControl.xaml","4898","TextBox","ForzaForwardHostBox","ToolTip","127.0.0.1 if SimHub runs on the same PC. A LAN IP (or hostname) for a separate SimHub host.",""
"src/TrueforceForAll.Plugin/SettingsControl.xaml","4899","TextBlock","ForzaSection/Border[2]/StackPanel[1]/Grid[1]/TextBlock[2]","Text","port:",""
"src/TrueforceForAll.Plugin/SettingsControl.xaml","4901","TextBox","ForzaForwardPortBox","ToolTip","The port SimHub is listening on for Forza Data Out. Match this to the UDP port shown in SimHub's Forza Game config.",""
"src/TrueforceForAll.Plugin/SettingsControl.xaml","4908","TextBlock","ForzaSection/Border[2]/StackPanel[1]/Grid[2]/TextBlock[1]","Text","Forwarded:",""
"src/TrueforceForAll.Plugin/SettingsControl.xaml","4909","TextBlock","ForzaForwardStatusText","Text","(disabled)",""
"src/TrueforceForAll.Plugin/SettingsControl.xaml","4915","TextBlock","ForzaTroubleshootExpander/Expander.Header[1]/TextBlock[1]","Text","Not receiving packets?",""
"src/TrueforceForAll.Plugin/SettingsControl.xaml","4919","TextBlock","ForzaTroubleshootExpander/StackPanel[1]/TextBlock[1]","Text","Most setups receive fine on 127.0.0.1. If you're getting zero packets, work through these:",""
"src/TrueforceForAll.Plugin/SettingsControl.xaml","4921","TextBlock","ForzaTroubleshootExpander/StackPanel[1]/TextBlock[2]","Text","• Confirm Forza's DATA OUT is ON, and its IP and PORT match this plugin (IP 127.0.0.1, PORT = the Port field above).",""
"src/TrueforceForAll.Plugin/SettingsControl.xaml","4923","TextBlock","ForzaTroubleshootExpander/StackPanel[1]/TextBlock[3]","Text","• Port collision with SimHub or another tool? Pick a different port here, then update Forza's DATA OUT IP PORT to match.",""
"src/TrueforceForAll.Plugin/SettingsControl.xaml","4925","TextBlock","ForzaTroubleshootExpander/StackPanel[1]/TextBlock[4]","Text","• Still nothing on 127.0.0.1: set Forza's DATA OUT IP ADDRESS to your PC's LAN IP (e.g. 192.168.x.x) instead, and leave the bind address here at 0.0.0.0. This gets around localhost quirks on some installs.",""
"src/TrueforceForAll.Plugin/SettingsControl.xaml","4927","TextBlock","ForzaTroubleshootExpander/StackPanel[1]/TextBlock[5]","Text","• Firewall: Windows Defender may prompt the first time the listener opens. Allow it on private/domain networks.",""
"src/TrueforceForAll.Plugin/SettingsControl.xaml","4947","TextBlock","ArcadeLeaderboardExpander/Expander.Header[1]/TextBlock[1]","Text","Arcade leaderboards",""
"src/TrueforceForAll.Plugin/SettingsControl.xaml","4955","CheckBox","ArcadeLeaderboardsCheck","Content","Fill Initial D 8's in-game leaderboards",""
"src/TrueforceForAll.Plugin/SettingsControl.xaml","4957","TextBlock","ArcadeLeaderboardExpander/StackPanel[1]/TextBlock[1]","Text","SEGA's servers shut down years ago, so every row in-game shows a placeholder. This puts real community names and times on the leaderboard instead.",""
"src/TrueforceForAll.Plugin/SettingsControl.xaml","4962","TextBlock","ArcadeLeaderboardOptions/Grid[1]/TextBlock[1]","Text","Online board shows",""
"src/TrueforceForAll.Plugin/SettingsControl.xaml","4965","ComboBoxItem","ArcadeOnlineSourceCombo/ComboBoxItem[1]","Content","All",""
"src/TrueforceForAll.Plugin/SettingsControl.xaml","4966","ComboBoxItem","ArcadeOnlineSourceCombo/ComboBoxItem[2]","Content","Trueforce For All",""
"src/TrueforceForAll.Plugin/SettingsControl.xaml","4967","ComboBoxItem","ArcadeOnlineSourceCombo/ComboBoxItem[3]","Content","TeknoParrot",""
"src/TrueforceForAll.Plugin/SettingsControl.xaml","4968","ComboBoxItem","ArcadeOnlineSourceCombo/ComboBoxItem[4]","Content","Local",""
"src/TrueforceForAll.Plugin/SettingsControl.xaml","4973","TextBlock","ArcadeShopSourceRow/TextBlock[1]","Text","Shop board shows",""
"src/TrueforceForAll.Plugin/SettingsControl.xaml","4976","ComboBoxItem","ArcadeShopSourceCombo/ComboBoxItem[1]","Content","All",""
"src/TrueforceForAll.Plugin/SettingsControl.xaml","4977","ComboBoxItem","ArcadeShopSourceCombo/ComboBoxItem[2]","Content","Trueforce For All",""
"src/TrueforceForAll.Plugin/SettingsControl.xaml","4978","ComboBoxItem","ArcadeShopSourceCombo/ComboBoxItem[3]","Content","TeknoParrot",""
"src/TrueforceForAll.Plugin/SettingsControl.xaml","4979","ComboBoxItem","ArcadeShopSourceCombo/ComboBoxItem[4]","Content","Local",""
"src/TrueforceForAll.Plugin/SettingsControl.xaml","4987","ComboBoxItem","ArcadeShopSourceLadderItem","Content","Ladder",""
"src/TrueforceForAll.Plugin/SettingsControl.xaml","4992","TextBlock","ArcadeLeaderboardOptions/TextBlock[1]","Text","Two boards, so they can show different things. Your own times are on both. The shop board is also the time to beat the game shows you while driving.",""
"src/TrueforceForAll.Plugin/SettingsControl.xaml","4996","CheckBox","ArcadeLadderClimbCheck","Content","Ladder climb: show the times around mine",""
"src/TrueforceForAll.Plugin/SettingsControl.xaml","4998","TextBlock","ArcadeLadderClimbHelp","Text","Puts the ten times around yours on the shop board, with you fifth, and makes the time to beat the driver just ahead.",""
"src/TrueforceForAll.Plugin/SettingsControl.xaml","5002","CheckBox","ArcadeSubmitTimesCheck","Content","Send my finished Time Attack runs to the leaderboard",""
"src/TrueforceForAll.Plugin/SettingsControl.xaml","5004","TextBlock","ArcadeSubmitTimesHelp","Text","Sent under your Trueforce For All username, so it needs you signed in. Only runs you finish are sent; records already in your save are never uploaded.",""
"src/TrueforceForAll.Plugin/SettingsControl.xaml","5012","TextBlock","FsModExpander/Expander.Header[1]/TextBlock[1]","Text","Game Mods",""
"src/TrueforceForAll.Plugin/SettingsControl.xaml","5019","TextBlock","FsModExpander/StackPanel[1]/TextBlock[1]","Text","Optional per-game mods that unlock extra features. Install copies the mod into the game's own folders; Remove deletes it again.",""
"src/TrueforceForAll.Plugin/SettingsControl.xaml","5039","TextBlock","FfbPassthroughExpander/Expander.Header[1]/TextBlock[1]","Text","Force Feedback (Advanced)",""
"src/TrueforceForAll.Plugin/SettingsControl.xaml","5050","CheckBox","StopStreamOnPauseCheck","Content","Hand the wheel back to the game while paused",""
"src/TrueforceForAll.Plugin/SettingsControl.xaml","5052","CheckBox","StopStreamOnPauseCheck","ToolTip","Off by default. When the game pauses (menu, fast travel, race start) the plugin steps fully out of the way, so the wheel uses the game's own force feedback and auto-center instead of holding the last force. Turn it off if you prefer the plugin to keep hold of the wheel while paused.",""
"src/TrueforceForAll.Plugin/SettingsControl.xaml","5054","TextBlock","FfbPassthroughExpander/StackPanel[1]/TextBlock[1]","Text","If the wheel misbehaves around pauses or fast travel, try flipping this.",""
"src/TrueforceForAll.Plugin/SettingsControl.xaml","5061","CheckBox","ReleaseOnFocusLossCheck","Content","Let go of the wheel when you switch away from the game",""
"src/TrueforceForAll.Plugin/SettingsControl.xaml","5063","CheckBox","ReleaseOnFocusLossCheck","ToolTip","On by default. Alt-tab out of the game and the wheel goes free instead of holding whatever force it had. Some games stop sending force feedback the moment they lose focus without telling anyone, and a held force with no self-aligning torque behind it slowly walks the wheel to full lock. Turn it off if you run the game windowed alongside something else and want force to continue.",""
"src/TrueforceForAll.Plugin/SettingsControl.xaml","5065","TextBlock","FfbPassthroughExpander/StackPanel[1]/TextBlock[2]","Text","Force comes back as soon as the game does. Brief interruptions like an overlay or a notification are ignored.",""
"src/TrueforceForAll.Plugin/SettingsControl.xaml","5073","CheckBox","DriverInterceptCheck","Content","Driver testing mode: route FFB through the kernel filter driver (claims sole wheel ownership). Experimental.",""
"src/TrueforceForAll.Plugin/SettingsControl.xaml","5075","CheckBox","DriverInterceptCheck","ToolTip","Experimental. Claims sole ownership of the wheel through the TFFA kernel filter driver and routes the game's force feedback through the Trueforce stream. Needs the TFFA filter driver installed. Takes effect on the next plugin start (restart SimHub or re-detect).",""
"src/TrueforceForAll.Plugin/SettingsControl.xaml","5078","TextBlock","DriverInterceptHelp","Text","Restart SimHub or re-detect the wheel after changing this.",""
"src/TrueforceForAll.Plugin/SettingsControl.xaml","5087","TextBlock","PerformanceExpander/Expander.Header[1]/TextBlock[1]","Text","Performance",""
"src/TrueforceForAll.Plugin/SettingsControl.xaml","5091","TextBlock","PerformanceExpander/StackPanel[1]/TextBlock[1]","Text","Smaller ring buffers = less latency between game and wheel, but require Windows to wake our threads on time.",""
"src/TrueforceForAll.Plugin/SettingsControl.xaml","5095","TextBlock","PerformanceExpander/StackPanel[1]/Grid[1]/TextBlock[1]","Text","Mode:",""
"src/TrueforceForAll.Plugin/SettingsControl.xaml","5097","RadioButton","PerfAutoRadio","Content","Auto",""
"src/TrueforceForAll.Plugin/SettingsControl.xaml","5099","RadioButton","PerfAutoRadio","ToolTip","Start at smallest ring sizes; ratchet up on persistent dropouts. Survived size is remembered across sessions.",""
"src/TrueforceForAll.Plugin/SettingsControl.xaml","5101","RadioButton","PerfManualRadio","Content","Manual",""
"src/TrueforceForAll.Plugin/SettingsControl.xaml","5103","RadioButton","PerfManualRadio","ToolTip","Lock the slider values. No automatic changes. Use for streaming or force-testing.",""
"src/TrueforceForAll.Plugin/SettingsControl.xaml","5105","Button","PerfResetButton","Content","Reset to lowest",""
"src/TrueforceForAll.Plugin/SettingsControl.xaml","5106","Button","PerfResetButton","ToolTip","Drop both rings back to the smallest configured value. In Auto mode the ratchet will re-discover whether your machine can hold them.",""
"src/TrueforceForAll.Plugin/SettingsControl.xaml","5113","TextBlock","PerformanceExpander/StackPanel[1]/Grid[2]/TextBlock[1]","Text","Output ring:",""
"src/TrueforceForAll.Plugin/SettingsControl.xaml","5114","TextBlock","PerformanceExpander/StackPanel[1]/Grid[2]/TextBlock[1]","ToolTip","Sample buffer between the audio mixer and the USB stream. Smaller = lower wheel latency, but Windows must wake the stream thread on time.",""
"src/TrueforceForAll.Plugin/SettingsControl.xaml","5117","Slider","PerfTfRingSlider","IsSnapToTickEnabled","True","identifier"
"src/TrueforceForAll.Plugin/SettingsControl.xaml","5119","TextBox","PerfTfRingText","Text","8 (2ms)",""
"src/TrueforceForAll.Plugin/SettingsControl.xaml","5123","TextBlock","PerformanceExpander/StackPanel[1]/Grid[3]/TextBlock[1]","Text","Audio ring:",""
"src/TrueforceForAll.Plugin/SettingsControl.xaml","5124","TextBlock","PerformanceExpander/StackPanel[1]/Grid[3]/TextBlock[1]","ToolTip","Sample buffer between WASAPI loopback and the audio mixer. 16 is the safe default; 8 needs an unusually fast audio driver and can click. If you set 8 and hear continuous clicks, the auto-ratchet (Auto mode) will bump you back up.",""
"src/TrueforceForAll.Plugin/SettingsControl.xaml","5127","Slider","PerfAudioRingSlider","IsSnapToTickEnabled","True","identifier"
"src/TrueforceForAll.Plugin/SettingsControl.xaml","5129","TextBox","PerfAudioRingText","Text","16 (4ms)",""
"src/TrueforceForAll.Plugin/SettingsControl.xaml","5134","TextBlock","PerformanceExpander/StackPanel[1]/Grid[4]/TextBlock[1]","Text","Live counters:",""
"src/TrueforceForAll.Plugin/SettingsControl.xaml","5137","TextBlock","PerfCountersText","Text","Output ring: 0 underruns/min · Audio ring: 0 glitches/min",""
"src/TrueforceForAll.Plugin/SettingsControl.xaml","5139","TextBlock","PerformanceExpander/StackPanel[1]/Grid[4]/StackPanel[1]/TextBlock[2]","Text","Counters tally events in a rolling 60-second window. If they are going up, your machine is glitching at the current ring size.",""
"src/TrueforceForAll.Plugin/SettingsControl.xaml","5149","TextBlock","DiagnosticsExpander/Expander.Header[1]/TextBlock[1]","Text","Diagnostics & Support",""
"src/TrueforceForAll.Plugin/SettingsControl.xaml","5167","TextBlock","DiagnosticsExpander/StackPanel[1]/Grid[1]/TextBlock[1]","Text","Wheel:",""
"src/TrueforceForAll.Plugin/SettingsControl.xaml","5168","TextBlock","WheelText","Text","(checking...)",""
"src/TrueforceForAll.Plugin/SettingsControl.xaml","5169","TextBlock","DiagnosticsExpander/StackPanel[1]/Grid[1]/TextBlock[3]","Text","Stream:",""
"src/TrueforceForAll.Plugin/SettingsControl.xaml","5170","TextBlock","StreamText","Text","(checking...)",""
"src/TrueforceForAll.Plugin/SettingsControl.xaml","5171","TextBlock","DiagnosticsExpander/StackPanel[1]/Grid[1]/TextBlock[5]","Text","FFB pass-through:",""
"src/TrueforceForAll.Plugin/SettingsControl.xaml","5173","TextBlock","FfbTapText","Text","(checking...)",""
"src/TrueforceForAll.Plugin/SettingsControl.xaml","5178","Button","UsbPcapBrowseButton","Content","Browse…",""
"src/TrueforceForAll.Plugin/SettingsControl.xaml","5182","Button","UsbPcapBrowseButton","ToolTip","Point at USBPcapCMD.exe if USBPcap is installed somewhere off the default Program Files path.",""
"src/TrueforceForAll.Plugin/SettingsControl.xaml","5183","Button","UsbPcapReinstallButton","Content","Reinstall",""
"src/TrueforceForAll.Plugin/SettingsControl.xaml","5187","Button","UsbPcapReinstallButton","ToolTip","Run the bundled USBPcap installer (requires admin). Use this if USBPcap was uninstalled or the install is broken.",""
"src/TrueforceForAll.Plugin/SettingsControl.xaml","5201","Button","UsbPcapPickDeviceButton","Content","Pick device manually…",""
"src/TrueforceForAll.Plugin/SettingsControl.xaml","5205","Button","UsbPcapPickDeviceButton","ToolTip","Scan every USBPcap interface and pick your wheel manually. Use this only if auto-discovery genuinely can't find your wheel: a forgotten manual pin can silently break FFB after a replug. Type MANUALPIN in the access code box to reveal this control.",""
"src/TrueforceForAll.Plugin/SettingsControl.xaml","5207","TextBlock","DiagnosticsExpander/StackPanel[1]/Grid[1]/TextBlock[6]","Text","Telemetry:",""
"src/TrueforceForAll.Plugin/SettingsControl.xaml","5208","TextBlock","TelemetrySourceText","Text","(checking...)",""
"src/TrueforceForAll.Plugin/SettingsControl.xaml","5209","TextBlock","DiagnosticsExpander/StackPanel[1]/Grid[1]/TextBlock[8]","Text","Active sources:",""
"src/TrueforceForAll.Plugin/SettingsControl.xaml","5210","TextBlock","VoicesText","Text","0","numeric"
"src/TrueforceForAll.Plugin/SettingsControl.xaml","5223","CheckBox","LogUsbBytesCheck","Content","Log raw USB FFB packets to usb-trace.pcap (for support)",""
"src/TrueforceForAll.Plugin/SettingsControl.xaml","5225","CheckBox","LogUsbBytesCheck","ToolTip","Off by default. When on, captures every USB OUT transfer to your wheel (any endpoint, any transfer type) as a pcap file alongside SimHub's logs. Open in Wireshark with USBPcap. Use only when support asks for it: the file grows several KB/sec during active FFB. Capped at 50 MB; toggle off and on to reset.",""
"src/TrueforceForAll.Plugin/SettingsControl.xaml","5234","Button","SelfTestButton","Content","Run self-test",""
"src/TrueforceForAll.Plugin/SettingsControl.xaml","5237","Button","SelfTestButton","ToolTip","Checks USBPcap, the wheel, stream, FFB pass-through and telemetry (and whether G HUB is open, since it can hold the wheel), then sends a short test buzz so you can confirm the wheel responds.",""
"src/TrueforceForAll.Plugin/SettingsControl.xaml","5254","CheckBox","ShareUsageStatsCheck","Content","Share anonymous usage statistics",""
"src/TrueforceForAll.Plugin/SettingsControl.xaml","5257","CheckBox","ShareUsageStatsCheck","ToolTip","Sends an anonymous once-a-day report (a random id not tied to you or your hardware, the plugin version, your wheel model, the games you play, your settings, and two-letter codes for your Windows display and regional-format languages) so development can follow real use. Never sends your name, account, or anything you type; your IP address is not stored. Turn off to send nothing.",""
"src/TrueforceForAll.Plugin/SettingsControl.xaml","5259","Run","DiagnosticsExpander/StackPanel[1]/TextBlock[1]/Run[1]","Text","Helps decide what to build next. Anonymous. ",""
"src/TrueforceForAll.Plugin/SettingsControl.xaml","5259","Hyperlink","DiagnosticsExpander/StackPanel[1]/TextBlock[1]/Hyperlink[1]","ToolTip","Opens PRIVACY.md on GitHub.",""
"src/TrueforceForAll.Plugin/SettingsControl.xaml","5259","Hyperlink","DiagnosticsExpander/StackPanel[1]/TextBlock[1]/Hyperlink[1]","#text","Privacy policy",""
"src/TrueforceForAll.Plugin/SettingsControl.xaml","5280","TextBlock","WidgetsExpander/Expander.Header[1]/TextBlock[1]","Text","Widgets & Display",""
"src/TrueforceForAll.Plugin/SettingsControl.xaml","5283","CheckBox","ShowFeedbackBoxCheck","Content","Show TF4ALL gain tile on SimHub's home screen",""
"src/TrueforceForAll.Plugin/SettingsControl.xaml","5285","CheckBox","ShowFeedbackBoxCheck","ToolTip","Adds a TF4ALL master + audio gain box to SimHub's home 'Feedback' section, next to Motors and Wind, for quick access without opening this panel.",""
"src/TrueforceForAll.Plugin/SettingsControl.xaml","5286","CheckBox","ShowPerGearRedlineEditorCheck","Content","Show per-gear redlines in the Car facts panel",""
"src/TrueforceForAll.Plugin/SettingsControl.xaml","5288","CheckBox","ShowPerGearRedlineEditorCheck","ToolTip","Shows the per-gear redline editor in the Car facts panel, for cars where you shift at a different point in specific gears. Cars whose current engine already has per-gear redlines saved keep showing the editor, and saved values keep working either way.",""
"src/TrueforceForAll.Plugin/SettingsControl.xaml","5290","TextBlock","WidgetsExpander/StackPanel[1]/TextBlock[1]","Text","Off by default to keep the Car facts panel small.",""
"src/TrueforceForAll.Plugin/SettingsControl.xaml","5292","Button","ResetNoticesButton","Content","Show one-time messages again",""
"src/TrueforceForAll.Plugin/SettingsControl.xaml","5294","Button","ResetNoticesButton","ToolTip","Reset the pop-ups that only show once or were dismissed with 'Don't show again' (welcome, what's new, the iRacing Trueforce notice, the stepped-aside notice for every game, share prompt) so they can appear again.",""
"src/TrueforceForAll.Plugin/SettingsControl.xaml","5319","TextBlock","NetworkExpander/Expander.Header[1]/TextBlock[1]","Text","Community",""
"src/TrueforceForAll.Plugin/SettingsControl.xaml","5327","CheckBox","CommunityEnabledCheck","Content","Enable community features (online)",""
"src/TrueforceForAll.Plugin/SettingsControl.xaml","5329","CheckBox","CommunityEnabledCheck","ToolTip","Lets the plugin go online for community features: downloading and submitting community car facts, sharing presets, and fetching per-car rev-light data from the Lovely Sim Racing dataset on GitHub. Turn off to stay offline for community features (already-downloaded community car facts still apply if 'Use community car facts' is on). Does not affect account sign-in or cloud backup.",""
"src/TrueforceForAll.Plugin/SettingsControl.xaml","5331","Run","NetworkExpander/StackPanel[1]/TextBlock[1]/Run[1]","Text","Sign-in is only needed for presets. Anything you share there (presets, packs, custom engines) shows your username; car facts are anonymous and need no account. ",""
"src/TrueforceForAll.Plugin/SettingsControl.xaml","5331","Hyperlink","NetworkExpander/StackPanel[1]/TextBlock[1]/Hyperlink[1]","ToolTip","Opens PRIVACY.md on GitHub.",""
"src/TrueforceForAll.Plugin/SettingsControl.xaml","5331","Hyperlink","NetworkExpander/StackPanel[1]/TextBlock[1]/Hyperlink[1]","#text","Privacy policy",""
"src/TrueforceForAll.Plugin/SettingsControl.xaml","5334","TextBlock","NetworkExpander/StackPanel[1]/TextBlock[2]","Text","Pre-release: the community backend is in testing. Shared presets, packs, and custom engines are test data and may be reset before the public launch. Your account, achievements, and car data you contribute are kept.",""
"src/TrueforceForAll.Plugin/SettingsControl.xaml","5337","TextBlock","NetworkExpander/StackPanel[1]/Border[1]/TextBlock[1]","Text","Community car facts",""
"src/TrueforceForAll.Plugin/SettingsControl.xaml","5342","CheckBox","UseCommunityCarFactsCheck","Content","Use community car facts (names, engine types, redlines)",""
"src/TrueforceForAll.Plugin/SettingsControl.xaml","5344","CheckBox","UseCommunityCarFactsCheck","ToolTip","Apply community-sourced car facts to your cars: human-readable names, engine types, and redlines. Uses a local cache, so it keeps working offline and only refreshes from the server every few days (or when you hit the refresh icon). Turn off to ignore community car facts entirely and use only your own values.",""
"src/TrueforceForAll.Plugin/SettingsControl.xaml","5351","CheckBox","AutoSubmitCarFactsCheck","Content","Share my car data with the community",""
"src/TrueforceForAll.Plugin/SettingsControl.xaml","5355","CheckBox","AutoSubmitCarFactsCheck","ToolTip","When on, your redline and engine-type corrections are submitted automatically, and naming a car offers a share prompt. Needs community features on; no account required. Turn off to stop sharing car data.",""
"src/TrueforceForAll.Plugin/SettingsControl.xaml","5357","TextBlock","NetworkExpander/StackPanel[1]/TextBlock[3]","Text","Submissions are anonymous and work without an account; signed-in contributions count toward achievements.",""
"src/TrueforceForAll.Plugin/SettingsControl.xaml","5361","TextBlock","NetworkExpander/StackPanel[1]/Border[2]/TextBlock[1]","Text","Community presets",""
"src/TrueforceForAll.Plugin/SettingsControl.xaml","5366","CheckBox","EffectsTabShareButtonsCheck","Content","Show preset Share buttons on the active car/game card",""
"src/TrueforceForAll.Plugin/SettingsControl.xaml","5368","CheckBox","EffectsTabShareButtonsCheck","ToolTip","Adds a Share button to the active game and car on the header card so you can share the preset you're driving. Turn off to keep the Effects tab clean; the Preset Manager is still the place to share. Doesn't affect community car facts.",""
"src/TrueforceForAll.Plugin/SettingsControl.xaml","5372","CheckBox","AutoUpdateDownloadedPresetsCheck","Content","Auto-update downloaded community presets",""
"src/TrueforceForAll.Plugin/SettingsControl.xaml","5376","CheckBox","AutoUpdateDownloadedPresetsCheck","ToolTip","When a curator publishes a new version of a preset you downloaded, apply it silently. Only runs when you haven't edited your local copy since download.",""
"src/TrueforceForAll.Plugin/SettingsControl.xaml","5378","TextBlock","NetworkExpander/StackPanel[1]/TextBlock[4]","Text","If you've changed your local copy, those changes are kept; the curator's update is offered through the updates-available chip instead.",""
"src/TrueforceForAll.Plugin/SettingsControl.xaml","5384","TextBlock","NetworkExpander/StackPanel[1]/Border[3]/TextBlock[1]","Text","Message of the day",""
"src/TrueforceForAll.Plugin/SettingsControl.xaml","5387","TextBlock","NetworkExpander/StackPanel[1]/TextBlock[5]","Text","A short message at the top of this window: announcements, tips, and the occasional bit of news.",""
"src/TrueforceForAll.Plugin/SettingsControl.xaml","5390","RadioButton","MotdLevelAllRadio","Content","Show all",""
"src/TrueforceForAll.Plugin/SettingsControl.xaml","5393","RadioButton","MotdLevelImportantRadio","Content","Important only",""
"src/TrueforceForAll.Plugin/SettingsControl.xaml","5396","RadioButton","MotdLevelNoneRadio","Content","None",""
"src/TrueforceForAll.Plugin/SettingsControl.xaml","5401","TextBlock","MotdNoneWarning","Text","With messages off, you may miss important announcements like outage notices or critical fixes.",""
"src/TrueforceForAll.Plugin/SettingsControl.xaml","5414","TextBlock","BackupExpander/Expander.Header[1]/TextBlock[1]","Text","Backup & Sync",""
"src/TrueforceForAll.Plugin/SettingsControl.xaml","5423","TextBlock","BackupExpander/StackPanel[1]/Border[1]/StackPanel[1]/TextBlock[1]","Text","Cloud backup",""
"src/TrueforceForAll.Plugin/SettingsControl.xaml","5428","Border","BackupExpander/StackPanel[1]/Border[1]/StackPanel[1]/Border[1]","ToolTip","A supporter perk. Support on Patreon (Account tab) to enable cloud backup.",""
"src/TrueforceForAll.Plugin/SettingsControl.xaml","5429","TextBlock","BackupExpander/StackPanel[1]/Border[1]/StackPanel[1]/Border[1]/TextBlock[1]","Text","Supporter",""
"src/TrueforceForAll.Plugin/SettingsControl.xaml","5435","TextBlock","BackupExpander/StackPanel[1]/TextBlock[1]","Text","Backs up your settings, presets, defaults, car facts and light patterns. Restore the same setup on another PC by signing in there.",""
"src/TrueforceForAll.Plugin/SettingsControl.xaml","5436","CheckBox","AutoSyncBackupCheck","Content","Keep my devices in sync",""
"src/TrueforceForAll.Plugin/SettingsControl.xaml","5438","CheckBox","AutoSyncBackupCheck","ToolTip","Automatically uploads your setup to the cloud as you change it, and pulls those changes down on your other signed-in devices. Sign-in required.",""
"src/TrueforceForAll.Plugin/SettingsControl.xaml","5440","TextBlock","BackupExpander/StackPanel[1]/TextBlock[2]","Text","Off = back up only when you click 'Back up now'.",""
"src/TrueforceForAll.Plugin/SettingsControl.xaml","5442","TextBlock","BackupExpander/StackPanel[1]/StackPanel[1]/TextBlock[1]","Text","FFB tuning from a different wheel model:",""
"src/TrueforceForAll.Plugin/SettingsControl.xaml","5445","ComboBox","CrossWheelFfbModeCombo","ToolTip","Force feedback tuning (Telemetry Based FFB) is dialed in for a specific wheel. Your FFB always backs up; this controls what happens when a restore or sync brings tuning made for a different wheel model (G PRO, RS50, G923).",""
"src/TrueforceForAll.Plugin/SettingsControl.xaml","5446","ComboBoxItem","CrossWheelFfbModeCombo/ComboBoxItem[1]","Content","Ask me",""
"src/TrueforceForAll.Plugin/SettingsControl.xaml","5447","ComboBoxItem","CrossWheelFfbModeCombo/ComboBoxItem[2]","Content","Always apply",""
"src/TrueforceForAll.Plugin/SettingsControl.xaml","5448","ComboBoxItem","CrossWheelFfbModeCombo/ComboBoxItem[3]","Content","Never apply",""
"src/TrueforceForAll.Plugin/SettingsControl.xaml","5452","TextBlock","BackupExpander/StackPanel[1]/TextBlock[3]","Text","'Ask me' prompts once per change; you can tick 'remember my choice' on that prompt to stop being asked.",""
"src/TrueforceForAll.Plugin/SettingsControl.xaml","5461","CheckBox","CrossWheelFfbRememberCheck","Content","Remember my choice",""
"src/TrueforceForAll.Plugin/SettingsControl.xaml","5463","CheckBox","CrossWheelFfbRememberCheck","ToolTip","Apply this choice to future syncs from a different wheel model without asking again. (Apply anyway = always apply; Dismiss = never apply. Change later under 'FFB tuning from a different wheel model'.)",""
"src/TrueforceForAll.Plugin/SettingsControl.xaml","5465","Button","CrossWheelFfbApplyBtn","Content","Apply anyway",""
"src/TrueforceForAll.Plugin/SettingsControl.xaml","5467","Button","CrossWheelFfbApplyBtn","ToolTip","Apply the held-back FFB tuning to this PC anyway.",""
"src/TrueforceForAll.Plugin/SettingsControl.xaml","5468","Button","CrossWheelFfbDismissBtn","Content","Dismiss",""
"src/TrueforceForAll.Plugin/SettingsControl.xaml","5470","Button","CrossWheelFfbDismissBtn","ToolTip","Keep this PC's own FFB tuning and discard the held-back tuning.",""
"src/TrueforceForAll.Plugin/SettingsControl.xaml","5475","Button","BackupNowBtn","Content","Back up now",""
"src/TrueforceForAll.Plugin/SettingsControl.xaml","5478","Button","BackupNowBtn","ToolTip","Upload your current setup to the cloud now.",""
"src/TrueforceForAll.Plugin/SettingsControl.xaml","5479","Button","RestoreFromCloudBtn","Content","Restore from cloud",""
"src/TrueforceForAll.Plugin/SettingsControl.xaml","5482","Button","RestoreFromCloudBtn","ToolTip","Download your cloud backup and apply it to this PC (your local-only presets are kept).",""
"src/TrueforceForAll.Plugin/SettingsControl.xaml","5494","TextBlock","BackupExpander/StackPanel[1]/Border[3]/TextBlock[1]","Text","Backup to file",""
"src/TrueforceForAll.Plugin/SettingsControl.xaml","5497","TextBlock","BackupExpander/StackPanel[1]/TextBlock[6]","Text","Bundle your full setup into one archive for moving to a new machine. To share individual presets or car tunings, use Import / Export in the Preset Manager instead.",""
"src/TrueforceForAll.Plugin/SettingsControl.xaml","5499","Button","BackupButton","Content","Backup…",""
"src/TrueforceForAll.Plugin/SettingsControl.xaml","5500","Button","BackupButton","ToolTip","Save settings + every user preset + every default + every car tuning to a single .zip you can carry to another machine.",""
"src/TrueforceForAll.Plugin/SettingsControl.xaml","5501","Button","RestoreButton","Content","Restore…",""
"src/TrueforceForAll.Plugin/SettingsControl.xaml","5502","Button","RestoreButton","ToolTip","Replace all current Trueforce For All settings, presets, defaults, and car tunings with a backup archive's contents. Destructive: confirm before running.",""
"src/TrueforceForAll.Plugin/SettingsControl.xaml","5505","TextBlock","BackupFileStatus","Text","","empty"
"src/TrueforceForAll.Plugin/SettingsControl.xaml","5508","Button","BackupSelfTestButton","Content","Run backup self-test (dev)",""
"src/TrueforceForAll.Plugin/SettingsControl.xaml","5511","Button","BackupSelfTestButton","ToolTip","Dev only: runs the backup round-trip + the classification audit (flags any unclassified TrueforceSettings field) and shows the result.",""
"src/TrueforceForAll.Plugin/SettingsControl.xaml","5522","TextBlock","RpmLedSection/Expander.Header[1]/TextBlock[1]","Text","iRacing",""
"src/TrueforceForAll.Plugin/SettingsControl.xaml","5526","TextBlock","RpmLedSection/StackPanel[1]/TextBlock[1]","Text","In iRacing you disable native Trueforce, which also switches the wheel's rev lights off. Click Test to check the plugin can light them up.",""
"src/TrueforceForAll.Plugin/SettingsControl.xaml","5528","Button","RpmLedSection/StackPanel[1]/StackPanel[1]/Button[1]","Content","Test",""
"src/TrueforceForAll.Plugin/SettingsControl.xaml","5535","TextBlock","RpmLedSection/StackPanel[1]/Grid[1]/TextBlock[1]","Text","LED status:",""
"src/TrueforceForAll.Plugin/SettingsControl.xaml","5536","TextBlock","RpmLedStatusText","Text","(idle)",""
"src/TrueforceForAll.Plugin/SettingsControl.xaml","5556","TextBlock","SettingsTab/ScrollViewer[1]/StackPanel[1]/TextBlock[2]","Text","Found a bug, weird behavior, or have a feature request? Open an issue on GitHub.",""
"src/TrueforceForAll.Plugin/SettingsControl.xaml","5558","Button","ReportIssueButton","Content","Report an issue…",""
"src/TrueforceForAll.Plugin/SettingsControl.xaml","5560","Button","ReportIssueButton","ToolTip","Opens a new GitHub issue. Pre-fills plugin version and active game so you don't have to type it.",""
"src/TrueforceForAll.Plugin/SettingsControl.xaml","5561","Button","ExportLogsButton","Content","Export logs…",""
"src/TrueforceForAll.Plugin/SettingsControl.xaml","5563","Button","ExportLogsButton","ToolTip","Zips your SimHub logs + TF4ALL settings to your Desktop. Attach the zip to your GitHub issue so I can debug what's happening on your machine. The zip includes your settings file (username, game list, tuning); skim it before posting it publicly.",""
"src/TrueforceForAll.Plugin/SettingsControl.xaml","5564","Button","OpenRepoButton","Content","Open project on GitHub",""
"src/TrueforceForAll.Plugin/SettingsControl.xaml","5566","Button","OpenRepoButton","ToolTip","github.com/Mhytee/Trueforce-For-All",""
"src/TrueforceForAll.Plugin/SettingsControl.xaml","5573","TextBlock","SettingsTab/ScrollViewer[1]/StackPanel[1]/StackPanel[3]/TextBlock[1]","Text","Access code:",""
"src/TrueforceForAll.Plugin/SettingsControl.xaml","5578","TextBox","AccessCodeBox","ToolTip","Enter a code to unlock test or recovery features. Type HELP to list valid codes.",""
"src/TrueforceForAll.Plugin/SettingsControl.xaml","5590","sh:SHTabItem","AccountTab","Header","Account",""
"src/TrueforceForAll.Plugin/SettingsControl.xaml","5603","TextBlock","AccountStatusLabel","Text","Not signed in. Sign in to use community features.",""
"src/TrueforceForAll.Plugin/SettingsControl.xaml","5604","Button","AccountAuthBtn","Content","Sign in",""
"src/TrueforceForAll.Plugin/SettingsControl.xaml","5607","Button","AccountAuthBtn","ToolTip","Sign in with email (one-time code, no password) to use community features.",""
"src/TrueforceForAll.Plugin/SettingsControl.xaml","5616","TextBlock","SupporterBadgeText","Text","Supporter",""
"src/TrueforceForAll.Plugin/SettingsControl.xaml","5621","TextBlock","AccountTab/ScrollViewer[1]/StackPanel[1]/StackPanel[2]/TextBlock[1]","Text","Username:",""
"src/TrueforceForAll.Plugin/SettingsControl.xaml","5623","TextBlock","AccountUsernameDisplay","Text","(anonymous)",""
"src/TrueforceForAll.Plugin/SettingsControl.xaml","5624","Button","AccountChangeUsernameBtn","Content","Change…",""
"src/TrueforceForAll.Plugin/SettingsControl.xaml","5627","Button","AccountChangeUsernameBtn","ToolTip","Pick a new username. Checked against the community for uniqueness.",""
"src/TrueforceForAll.Plugin/SettingsControl.xaml","5634","TextBlock","AccountUsernameHelp","Text","Sign in to claim a username.",""
"src/TrueforceForAll.Plugin/SettingsControl.xaml","5637","TextBlock","AccountChangeEmailRow/TextBlock[1]","Text","Email:",""
"src/TrueforceForAll.Plugin/SettingsControl.xaml","5638","TextBlock","AccountEmailValue","Text","","empty"
"src/TrueforceForAll.Plugin/SettingsControl.xaml","5639","Button","AccountChangeEmailBtn","Content","Change…",""
"src/TrueforceForAll.Plugin/SettingsControl.xaml","5642","Button","AccountChangeEmailBtn","ToolTip","Send a confirmation link to a new address. The current address keeps working until you confirm the new one.",""
"src/TrueforceForAll.Plugin/SettingsControl.xaml","5648","TextBlock","AccountChangeEmailStatus","Text","","empty"
"src/TrueforceForAll.Plugin/SettingsControl.xaml","5653","TextBlock","AccountTab/ScrollViewer[1]/StackPanel[1]/Border[2]/TextBlock[1]","Text","Connections",""
"src/TrueforceForAll.Plugin/SettingsControl.xaml","5656","Button","LinkDiscordBtn","Content","Join Discord",""
"src/TrueforceForAll.Plugin/SettingsControl.xaml","5659","Button","LinkDiscordBtn","ToolTip","Opens Discord in your browser to link your account and add you to the Trueforce For All community server, where your contributions earn roles.",""
"src/TrueforceForAll.Plugin/SettingsControl.xaml","5660","Button","UnlinkDiscordBtn","Content","Unlink",""
"src/TrueforceForAll.Plugin/SettingsControl.xaml","5663","Button","UnlinkDiscordBtn","ToolTip","Remove the link between your TF4ALL account and your Discord account.",""
"src/TrueforceForAll.Plugin/SettingsControl.xaml","5666","TextBlock","DiscordLinkStatusText","Text","Sign in to join Discord.",""
"src/TrueforceForAll.Plugin/SettingsControl.xaml","5672","Button","LinkPatreonBtn","Content","Link Patreon",""
"src/TrueforceForAll.Plugin/SettingsControl.xaml","5675","Button","LinkPatreonBtn","ToolTip","Unlock the supporter badge and cloud backup from your Patreon pledge. If your Patreon has Discord connected and you're already in the community server, it links Discord too.",""
"src/TrueforceForAll.Plugin/SettingsControl.xaml","5676","Button","UnlinkPatreonBtn","Content","Unlink",""
"src/TrueforceForAll.Plugin/SettingsControl.xaml","5679","Button","UnlinkPatreonBtn","ToolTip","Remove the link between your TF4ALL account and your Patreon account.",""
"src/TrueforceForAll.Plugin/SettingsControl.xaml","5682","TextBlock","PatreonLinkStatusText","Text","Sign in to link Patreon.",""
"src/TrueforceForAll.Plugin/SettingsControl.xaml","5687","Expander","AccountDetailsExpander","Header","Account Settings",""
"src/TrueforceForAll.Plugin/SettingsControl.xaml","5691","TextBlock","AccountDetailsExpander/StackPanel[1]/TextBlock[1]","Text","Your stats",""
"src/TrueforceForAll.Plugin/SettingsControl.xaml","5709","TextBlock","AccountSessionsBox/StackPanel[1]/Grid[1]/TextBlock[1]","Text","Active sessions",""
"src/TrueforceForAll.Plugin/SettingsControl.xaml","5710","Button","AccountSessionsRefreshBtn","Content","Refresh",""
"src/TrueforceForAll.Plugin/SettingsControl.xaml","5713","Button","AccountSessionsRefreshBtn","ToolTip","Re-check which devices are signed in to your account.",""
"src/TrueforceForAll.Plugin/SettingsControl.xaml","5718","Button","AccountSignOutOthersBtn","Content","Sign out everywhere else",""
"src/TrueforceForAll.Plugin/SettingsControl.xaml","5722","Button","AccountSignOutOthersBtn","ToolTip","Revoke every other device's session. This device stays signed in.",""
"src/TrueforceForAll.Plugin/SettingsControl.xaml","5724","TextBlock","AccountSessionsBox/StackPanel[1]/TextBlock[2]","Text","Revoking signs the other device out within a few minutes while it's running. A device that's offline or asleep signs out the next time it comes online.",""
"src/TrueforceForAll.Plugin/SettingsControl.xaml","5731","Button","AccountExportBtn","Content","Export my data",""
"src/TrueforceForAll.Plugin/SettingsControl.xaml","5734","Button","AccountExportBtn","ToolTip","Save a JSON file with everything your account holds: your profile, sign-in and supporter details, everything you have shared, voted on or downloaded, and any reports or moderation notices.",""
"src/TrueforceForAll.Plugin/SettingsControl.xaml","5735","Button","AccountDeleteBtn","Content","Delete account",""
"src/TrueforceForAll.Plugin/SettingsControl.xaml","5739","Button","AccountDeleteBtn","ToolTip","Permanently remove your account. Presets you uploaded stay available for people who downloaded them but lose your name. Your cloud backup is deleted too.",""
"src/TrueforceForAll.Plugin/SettingsControl.xaml","5742","TextBlock","AccountExportStatus","Text","","empty"
"src/TrueforceForAll.Plugin/SettingsControl.xaml","5744","Hyperlink","AccountDetailsExpander/StackPanel[1]/TextBlock[3]/Hyperlink[1]","ToolTip","Opens PRIVACY.md on GitHub.",""
"src/TrueforceForAll.Plugin/SettingsControl.xaml","5744","Run","AccountDetailsExpander/StackPanel[1]/TextBlock[3]/Hyperlink[1]/Run[1]","Text","Privacy policy",""
"src/TrueforceForAll.Plugin/SettingsControl.xaml","5744","Run","AccountDetailsExpander/StackPanel[1]/TextBlock[3]/Run[1]","Text",": what's stored, why, and how to remove it.",""
"src/TrueforceForAll.Plugin/SettingsControl.xaml","5758","sh:SHTabItem","SupportTab","Header","Support us",""
"src/TrueforceForAll.Plugin/SettingsControl.xaml","5762","TextBlock","SupportTab/ScrollViewer[1]/StackPanel[1]/TextBlock[1]","Text","Support Trueforce For All",""
"src/TrueforceForAll.Plugin/SettingsControl.xaml","5764","TextBlock","SupportTab/ScrollViewer[1]/StackPanel[1]/TextBlock[2]","Text","Trueforce For All is free for everyone, forever. If it has brought your wheel to life in a game that never had Trueforce, you can chip in to help cover the servers and the time that keep it growing. Supporting on Patreon also gets you cloud backup and sync, and a spot on the wall below.",""
"src/TrueforceForAll.Plugin/SettingsControl.xaml","5767","Button","SupportPatreonButton","Content","Support on Patreon",""
"src/TrueforceForAll.Plugin/SettingsControl.xaml","5769","Button","SupportPatreonButton","ToolTip","Recurring support on Patreon (patreon.com/Mhytee). Also unlocks cloud backup and sync.",""
"src/TrueforceForAll.Plugin/SettingsControl.xaml","5770","Button","SupportKofiButton","Content","Tip on Ko-fi",""
"src/TrueforceForAll.Plugin/SettingsControl.xaml","5772","Button","SupportKofiButton","ToolTip","One-off tip via Ko-fi, no account needed.",""
"src/TrueforceForAll.Plugin/SettingsControl.xaml","5773","Button","SupportPaypalButton","Content","PayPal",""
"src/TrueforceForAll.Plugin/SettingsControl.xaml","5775","Button","SupportPaypalButton","ToolTip","One-off tip via PayPal (paypal.me/mhytee).",""
"src/TrueforceForAll.Plugin/SettingsControl.xaml","5778","TextBlock","SupportOpenStatus","Text","","empty"
"src/TrueforceForAll.Plugin/SettingsControl.xaml","5780","TextBlock","SupportTab/ScrollViewer[1]/StackPanel[1]/TextBlock[4]","Text","These open in your browser. Patreon is recurring and unlocks cloud backup/sync; Ko-fi and PayPal are one-off tips.",""
"src/TrueforceForAll.Plugin/SettingsControl.xaml","5784","TextBlock","SupportTab/ScrollViewer[1]/StackPanel[1]/Border[1]/TextBlock[1]","Text","Spread the word",""
"src/TrueforceForAll.Plugin/SettingsControl.xaml","5787","TextBlock","SupportTab/ScrollViewer[1]/StackPanel[1]/TextBlock[5]","Text","Not into chipping in? Sharing the project helps just as much.",""
"src/TrueforceForAll.Plugin/SettingsControl.xaml","5789","Button","SupportShareDialogButton","Content","Share TF4ALL…",""
"src/TrueforceForAll.Plugin/SettingsControl.xaml","5792","Button","SupportShareDialogButton","ToolTip","Post on X, Reddit, or Facebook, or copy the GitHub / Nexus link.",""
"src/TrueforceForAll.Plugin/SettingsControl.xaml","5793","Button","SupportOpenRepoButton","Content","Open project page",""
"src/TrueforceForAll.Plugin/SettingsControl.xaml","5795","Button","SupportOpenRepoButton","ToolTip","github.com/Mhytee/Trueforce-For-All",""
"src/TrueforceForAll.Plugin/SettingsControl.xaml","5802","TextBlock","SupportTab/ScrollViewer[1]/StackPanel[1]/Border[2]/TextBlock[1]","Text","Supporters",""
"src/TrueforceForAll.Plugin/SettingsControl.xaml","5805","TextBlock","SupportTab/ScrollViewer[1]/StackPanel[1]/TextBlock[6]","Text","The people keeping the lights on. Thank you.",""
"src/TrueforceForAll.Plugin/SettingsControl.xaml","5807","TextBlock","SupportersWallStatus","Text","Loading supporters…",""
"src/TrueforceForAll.Plugin/SettingsControl.xaml","5830","TextBlock","AchievementToast/StackPanel[1]/TextBlock[1]","Text","🏆","glyph"
"src/TrueforceForAll.Plugin/SettingsControl.xaml","5832","TextBlock","AchievementToastTitle","Text","Achievement unlocked",""
"src/TrueforceForAll.Plugin/SettingsControl.xaml","5834","TextBlock","AchievementToastBody","Text","","empty"
"src/TrueforceForAll.Plugin/SettingsControl.xaml","5837","Button","AchievementToastLinkBtn","Content","Link",""
"src/TrueforceForAll.Plugin/SettingsControl.xaml","5840","Button","AchievementToastClose","Content","✕","glyph"
"src/TrueforceForAll.Plugin/SettingsControl.xaml","5843","Button","AchievementToastClose","ToolTip","Dismiss this notification (the achievement stays unlocked).",""
"src/TrueforceForAll.Plugin/PresetManagerControl.xaml","36","Border","Bd","SnapsToDevicePixels","True","identifier"
"src/TrueforceForAll.Plugin/PresetManagerControl.xaml","65","Border","Bd","SnapsToDevicePixels","True","identifier"
"src/TrueforceForAll.Plugin/PresetManagerControl.xaml","94","Border","Bd","SnapsToDevicePixels","True","identifier"
"src/TrueforceForAll.Plugin/PresetManagerControl.xaml","120","Border","Bd","SnapsToDevicePixels","True","identifier"
"src/TrueforceForAll.Plugin/PresetManagerControl.xaml","160","Border","Bd","SnapsToDevicePixels","True","identifier"
"src/TrueforceForAll.Plugin/PresetManagerControl.xaml","200","Border","Bd","SnapsToDevicePixels","True","identifier"
"src/TrueforceForAll.Plugin/PresetManagerControl.xaml","234","Popup","DetailsPopup","AllowsTransparency","True","identifier"
"src/TrueforceForAll.Plugin/PresetManagerControl.xaml","235","Popup","DetailsPopup","StaysOpen","True","identifier"
"src/TrueforceForAll.Plugin/PresetManagerControl.xaml","235","Popup","DetailsPopup","IsOpen","False","identifier"
"src/TrueforceForAll.Plugin/PresetManagerControl.xaml","235","Popup","DetailsPopup","IsHitTestVisible","False","identifier"
"src/TrueforceForAll.Plugin/PresetManagerControl.xaml","254","TextBlock","DevModeBanner/TextBlock[1]","Text","Developer mode is active. Type DEV again in Settings to turn it off.",""
"src/TrueforceForAll.Plugin/PresetManagerControl.xaml","268","Button","RefreshLibraryBtn","AutomationProperties.Name","Refresh library",""
"src/TrueforceForAll.Plugin/PresetManagerControl.xaml","269","Button","RefreshLibraryBtn","ToolTip","Refresh. In a Library view, reloads presets from disk (use after dropping JSON files into the library folders). When browsing Community or My uploads, re-fetches the latest list from the server.",""
"src/TrueforceForAll.Plugin/PresetManagerControl.xaml","270","TextBlock","RefreshGlyph","Text","↻","glyph"
"src/TrueforceForAll.Plugin/PresetManagerControl.xaml","290","Button","UpdatesChip","ToolTip","One or more community presets you downloaded have a newer version. Click to review them.",""
"src/TrueforceForAll.Plugin/PresetManagerControl.xaml","292","RadioButton","SegGame","Content","Game presets",""
"src/TrueforceForAll.Plugin/PresetManagerControl.xaml","293","RadioButton","SegCar","Content","Car presets",""
"src/TrueforceForAll.Plugin/PresetManagerControl.xaml","294","RadioButton","SegCustom","Content","Custom engines",""
"src/TrueforceForAll.Plugin/PresetManagerControl.xaml","295","RadioButton","SegPacks","Content","Packs",""
"src/TrueforceForAll.Plugin/PresetManagerControl.xaml","308","RadioButton","ModeLibrary","Content","Library",""
"src/TrueforceForAll.Plugin/PresetManagerControl.xaml","309","RadioButton","ModeLibrary","ToolTip","Presets saved on this machine (yours plus anything downloaded from the community).",""
"src/TrueforceForAll.Plugin/PresetManagerControl.xaml","310","RadioButton","ModeCommunity","Content","Community",""
"src/TrueforceForAll.Plugin/PresetManagerControl.xaml","311","RadioButton","ModeCommunity","ToolTip","Browse presets shared by other drivers.",""
"src/TrueforceForAll.Plugin/PresetManagerControl.xaml","312","RadioButton","ModeUploads","Content","My uploads",""
"src/TrueforceForAll.Plugin/PresetManagerControl.xaml","313","RadioButton","ModeUploads","ToolTip","Presets you've uploaded. Select a row to edit or delete your upload.",""
"src/TrueforceForAll.Plugin/PresetManagerControl.xaml","328","TextBlock","GamePanel/TextBlock[1]","Text","Select a preset to see what it contains. Built-ins can't be renamed or deleted; saving over one makes a copy.",""
"src/TrueforceForAll.Plugin/PresetManagerControl.xaml","331","TextBlock","GamePanel/DockPanel[1]/TextBlock[1]","Text","Filter:",""
"src/TrueforceForAll.Plugin/PresetManagerControl.xaml","333","TextBox","GameSearchBox","ToolTip","Type to narrow the list by preset name. Cleared automatically when the tab reloads.",""
"src/TrueforceForAll.Plugin/PresetManagerControl.xaml","340","DockPanel","GamePanel/DockPanel[2]","LastChildFill","True","identifier"
"src/TrueforceForAll.Plugin/PresetManagerControl.xaml","345","Button","GameSetDefaultBtn","Content","Set default games…",""
"src/TrueforceForAll.Plugin/PresetManagerControl.xaml","346","Button","GameSetDefaultBtn","ToolTip","Check the games this preset should auto-load for. Uncheck to drop a game's binding.",""
"src/TrueforceForAll.Plugin/PresetManagerControl.xaml","347","Button","GameEditBtn","Content","Edit",""
"src/TrueforceForAll.Plugin/PresetManagerControl.xaml","348","Button","GameEditBtn","ToolTip","Open this preset for editing on the Effects tab, with an Editing banner. Edit and save the usual way; Done returns you to your previously-active preset (saving over a built-in makes a copy).",""
"src/TrueforceForAll.Plugin/PresetManagerControl.xaml","349","Button","GameDuplicateBtn","Content","Duplicate…",""
"src/TrueforceForAll.Plugin/PresetManagerControl.xaml","350","Button","GameRenameBtn","Content","Rename…",""
"src/TrueforceForAll.Plugin/PresetManagerControl.xaml","351","Button","GameShareBtn","Content","Share",""
"src/TrueforceForAll.Plugin/PresetManagerControl.xaml","353","Button","GameShareBtn","ToolTip","Upload this game preset to the community so other drivers can find it.",""
"src/TrueforceForAll.Plugin/PresetManagerControl.xaml","354","Button","GameDeleteBtn","Content","Delete",""
"src/TrueforceForAll.Plugin/PresetManagerControl.xaml","355","Button","GamePromoteBuiltinBtn","Content","Set as built-in",""
"src/TrueforceForAll.Plugin/PresetManagerControl.xaml","356","Button","GamePromoteBuiltinBtn","ToolTip","DEV: promote this preset to a factory built-in. It gets the 'Built-in' badge and its file moves to the factory folder. Pick one row or check several to bulk-promote.",""
"src/TrueforceForAll.Plugin/PresetManagerControl.xaml","361","TextBlock","GameLibStatus","Text","","empty"
"src/TrueforceForAll.Plugin/PresetManagerControl.xaml","363","TextBlock","GameCheckedLabel","Text","","empty"
"src/TrueforceForAll.Plugin/PresetManagerControl.xaml","371","DataGrid","GameList","AutoGenerateColumns","False","identifier"
"src/TrueforceForAll.Plugin/PresetManagerControl.xaml","371","DataGrid","GameList","CanUserAddRows","False","identifier"
"src/TrueforceForAll.Plugin/PresetManagerControl.xaml","372","DataGrid","GameList","CanUserDeleteRows","False","identifier"
"src/TrueforceForAll.Plugin/PresetManagerControl.xaml","372","DataGrid","GameList","CanUserResizeRows","False","identifier"
"src/TrueforceForAll.Plugin/PresetManagerControl.xaml","373","DataGrid","GameList","CanUserSortColumns","False","identifier"
"src/TrueforceForAll.Plugin/PresetManagerControl.xaml","373","DataGrid","GameList","CanUserReorderColumns","True","identifier"
"src/TrueforceForAll.Plugin/PresetManagerControl.xaml","376","DataGrid","GameList","IsReadOnly","True","identifier"
"src/TrueforceForAll.Plugin/PresetManagerControl.xaml","382","DataGridTemplateColumn","GameList/DataGrid.Columns[1]/DataGridTemplateColumn[1]","CanUserSort","False","identifier"
"src/TrueforceForAll.Plugin/PresetManagerControl.xaml","382","DataGridTemplateColumn","GameList/DataGrid.Columns[1]/DataGridTemplateColumn[1]","CanUserReorder","False","identifier"
"src/TrueforceForAll.Plugin/PresetManagerControl.xaml","384","CheckBox","GameSelectAllCheck","IsThreeState","False","identifier"
"src/TrueforceForAll.Plugin/PresetManagerControl.xaml","386","CheckBox","GameSelectAllCheck","ToolTip","Check / uncheck every visible game preset.",""
"src/TrueforceForAll.Plugin/PresetManagerControl.xaml","397","DataGridTextColumn","GameList/DataGrid.Columns[1]/DataGridTextColumn[1]","Header","Default for",""
"src/TrueforceForAll.Plugin/PresetManagerControl.xaml","398","DataGridTextColumn","GameList/DataGrid.Columns[1]/DataGridTextColumn[2]","Header","Preset name",""
"src/TrueforceForAll.Plugin/PresetManagerControl.xaml","399","DataGridTextColumn","GameList/DataGrid.Columns[1]/DataGridTextColumn[3]","Header","Source",""
"src/TrueforceForAll.Plugin/PresetManagerControl.xaml","408","TextBlock","GameListEmpty","Text","No game presets yet. Save your tuning as a preset from the Effects tab to start a library.",""
"src/TrueforceForAll.Plugin/PresetManagerControl.xaml","418","TextBlock","CarPanel/TextBlock[1]","Text","A car can have several presets; the ★ in Default marks the one that loads for that car.",""
"src/TrueforceForAll.Plugin/PresetManagerControl.xaml","424","TextBlock","CarPanel/DockPanel[1]/TextBlock[1]","Text","Filter:",""
"src/TrueforceForAll.Plugin/PresetManagerControl.xaml","426","TextBox","CarSearchBox","ToolTip","Type to narrow the list by car ID or preset name. Composes with the game chips above.",""
"src/TrueforceForAll.Plugin/PresetManagerControl.xaml","433","DockPanel","CarPanel/DockPanel[2]","LastChildFill","True","identifier"
"src/TrueforceForAll.Plugin/PresetManagerControl.xaml","443","Button","CarSetActiveBtn","Content","Set as default",""
"src/TrueforceForAll.Plugin/PresetManagerControl.xaml","444","Button","CarSetActiveBtn","ToolTip","Make this the preset that loads for this car by default. With multiple rows checked, sets each as its own car's default (one per car; it won't apply if two rows target the same car).",""
"src/TrueforceForAll.Plugin/PresetManagerControl.xaml","445","Button","CarClearDefaultBtn","Content","Clear default",""
"src/TrueforceForAll.Plugin/PresetManagerControl.xaml","446","Button","CarClearDefaultBtn","ToolTip","Remove this car's default preset so it falls back to the game preset instead.",""
"src/TrueforceForAll.Plugin/PresetManagerControl.xaml","447","Button","CarEditBtn","Content","Edit",""
"src/TrueforceForAll.Plugin/PresetManagerControl.xaml","448","Button","CarEditBtn","ToolTip","Open this car preset on the Effects tab to change its values. Saving over a built-in makes a copy.",""
"src/TrueforceForAll.Plugin/PresetManagerControl.xaml","449","Button","CarDuplicateBtn","Content","Duplicate…",""
"src/TrueforceForAll.Plugin/PresetManagerControl.xaml","450","Button","CarRenameBtn","Content","Rename…",""
"src/TrueforceForAll.Plugin/PresetManagerControl.xaml","451","Button","CarRenameBtn","ToolTip","Rename this preset (e.g. 'Wet setup' to 'Endurance'). To rename the CAR instead, use the Name box in Car facts on the active card.",""
"src/TrueforceForAll.Plugin/PresetManagerControl.xaml","452","Button","CarShareBtn","Content","Share",""
"src/TrueforceForAll.Plugin/PresetManagerControl.xaml","454","Button","CarShareBtn","ToolTip","Upload this car preset to the community so other drivers can find it.",""
"src/TrueforceForAll.Plugin/PresetManagerControl.xaml","455","Button","CarDeleteBtn","Content","Delete",""
"src/TrueforceForAll.Plugin/PresetManagerControl.xaml","456","Button","CarPromoteBuiltinBtn","Content","Set as built-in",""
"src/TrueforceForAll.Plugin/PresetManagerControl.xaml","457","Button","CarPromoteBuiltinBtn","ToolTip","DEV: promote this car preset to a factory built-in. It gets the 'Built-in' badge and its file moves to the factory folder. Pick one row or check several to bulk-promote.",""
"src/TrueforceForAll.Plugin/PresetManagerControl.xaml","460","TextBlock","CarLibStatus","Text","","empty"
"src/TrueforceForAll.Plugin/PresetManagerControl.xaml","462","TextBlock","CarCheckedLabel","Text","","empty"
"src/TrueforceForAll.Plugin/PresetManagerControl.xaml","466","DataGrid","CarList","AutoGenerateColumns","False","identifier"
"src/TrueforceForAll.Plugin/PresetManagerControl.xaml","466","DataGrid","CarList","CanUserAddRows","False","identifier"
"src/TrueforceForAll.Plugin/PresetManagerControl.xaml","467","DataGrid","CarList","CanUserDeleteRows","False","identifier"
"src/TrueforceForAll.Plugin/PresetManagerControl.xaml","467","DataGrid","CarList","CanUserResizeRows","False","identifier"
"src/TrueforceForAll.Plugin/PresetManagerControl.xaml","468","DataGrid","CarList","CanUserSortColumns","False","identifier"
"src/TrueforceForAll.Plugin/PresetManagerControl.xaml","468","DataGrid","CarList","CanUserReorderColumns","True","identifier"
"src/TrueforceForAll.Plugin/PresetManagerControl.xaml","471","DataGrid","CarList","IsReadOnly","True","identifier"
"src/TrueforceForAll.Plugin/PresetManagerControl.xaml","477","DataGridTemplateColumn","CarList/DataGrid.Columns[1]/DataGridTemplateColumn[1]","CanUserSort","False","identifier"
"src/TrueforceForAll.Plugin/PresetManagerControl.xaml","477","DataGridTemplateColumn","CarList/DataGrid.Columns[1]/DataGridTemplateColumn[1]","CanUserReorder","False","identifier"
"src/TrueforceForAll.Plugin/PresetManagerControl.xaml","479","CheckBox","CarSelectAllCheck","IsThreeState","False","identifier"
"src/TrueforceForAll.Plugin/PresetManagerControl.xaml","481","CheckBox","CarSelectAllCheck","ToolTip","Check / uncheck every visible car preset.",""
"src/TrueforceForAll.Plugin/PresetManagerControl.xaml","492","DataGridTextColumn","CarList/DataGrid.Columns[1]/DataGridTextColumn[1]","Header","Default",""
"src/TrueforceForAll.Plugin/PresetManagerControl.xaml","493","DataGridTextColumn","CarList/DataGrid.Columns[1]/DataGridTextColumn[2]","Header","Game",""
"src/TrueforceForAll.Plugin/PresetManagerControl.xaml","494","DataGridTextColumn","CarList/DataGrid.Columns[1]/DataGridTextColumn[3]","Header","Car name",""
"src/TrueforceForAll.Plugin/PresetManagerControl.xaml","495","DataGridTextColumn","CarList/DataGrid.Columns[1]/DataGridTextColumn[4]","Header","Preset name",""
"src/TrueforceForAll.Plugin/PresetManagerControl.xaml","496","DataGridTextColumn","CarList/DataGrid.Columns[1]/DataGridTextColumn[5]","Header","Car ID",""
"src/TrueforceForAll.Plugin/PresetManagerControl.xaml","497","DataGridTextColumn","CarList/DataGrid.Columns[1]/DataGridTextColumn[6]","Header","Source",""
"src/TrueforceForAll.Plugin/PresetManagerControl.xaml","504","TextBlock","CarListEmpty","Text","No car-specific presets yet. Load a car in a game, tune an effect section, and use Save for this car on the Effects tab.",""
"src/TrueforceForAll.Plugin/PresetManagerControl.xaml","511","TextBlock","CustomPanel/TextBlock[1]","Text","Engines you've created. Built-in layouts (V8, Rotary, etc.) aren't listed.",""
"src/TrueforceForAll.Plugin/PresetManagerControl.xaml","514","TextBlock","CustomPanel/DockPanel[1]/TextBlock[1]","Text","Filter:",""
"src/TrueforceForAll.Plugin/PresetManagerControl.xaml","516","TextBox","CustomSearchBox","ToolTip","Type to narrow the list by engine name.",""
"src/TrueforceForAll.Plugin/PresetManagerControl.xaml","519","DockPanel","CustomPanel/DockPanel[2]","LastChildFill","True","identifier"
"src/TrueforceForAll.Plugin/PresetManagerControl.xaml","521","Button","CustomEditBtn","Content","Edit…",""
"src/TrueforceForAll.Plugin/PresetManagerControl.xaml","522","Button","CustomShareBtn","Content","Share",""
"src/TrueforceForAll.Plugin/PresetManagerControl.xaml","524","Button","CustomShareBtn","ToolTip","Upload this custom engine to the community so other drivers can find it.",""
"src/TrueforceForAll.Plugin/PresetManagerControl.xaml","525","Button","CustomDeleteBtn","Content","Delete",""
"src/TrueforceForAll.Plugin/PresetManagerControl.xaml","528","TextBlock","CustomCheckedLabel","Text","","empty"
"src/TrueforceForAll.Plugin/PresetManagerControl.xaml","532","DataGrid","CustomList","AutoGenerateColumns","False","identifier"
"src/TrueforceForAll.Plugin/PresetManagerControl.xaml","532","DataGrid","CustomList","CanUserAddRows","False","identifier"
"src/TrueforceForAll.Plugin/PresetManagerControl.xaml","533","DataGrid","CustomList","CanUserDeleteRows","False","identifier"
"src/TrueforceForAll.Plugin/PresetManagerControl.xaml","533","DataGrid","CustomList","CanUserResizeRows","False","identifier"
"src/TrueforceForAll.Plugin/PresetManagerControl.xaml","534","DataGrid","CustomList","CanUserSortColumns","False","identifier"
"src/TrueforceForAll.Plugin/PresetManagerControl.xaml","534","DataGrid","CustomList","CanUserReorderColumns","True","identifier"
"src/TrueforceForAll.Plugin/PresetManagerControl.xaml","537","DataGrid","CustomList","IsReadOnly","True","identifier"
"src/TrueforceForAll.Plugin/PresetManagerControl.xaml","543","DataGridTemplateColumn","CustomList/DataGrid.Columns[1]/DataGridTemplateColumn[1]","CanUserSort","False","identifier"
"src/TrueforceForAll.Plugin/PresetManagerControl.xaml","543","DataGridTemplateColumn","CustomList/DataGrid.Columns[1]/DataGridTemplateColumn[1]","CanUserReorder","False","identifier"
"src/TrueforceForAll.Plugin/PresetManagerControl.xaml","545","CheckBox","CustomSelectAllCheck","IsThreeState","False","identifier"
"src/TrueforceForAll.Plugin/PresetManagerControl.xaml","547","CheckBox","CustomSelectAllCheck","ToolTip","Check / uncheck every visible custom engine.",""
"src/TrueforceForAll.Plugin/PresetManagerControl.xaml","558","DataGridTextColumn","CustomList/DataGrid.Columns[1]/DataGridTextColumn[1]","Header","Name",""
"src/TrueforceForAll.Plugin/PresetManagerControl.xaml","559","DataGridTextColumn","CustomList/DataGrid.Columns[1]/DataGridTextColumn[2]","Header","Type",""
"src/TrueforceForAll.Plugin/PresetManagerControl.xaml","560","DataGridTextColumn","CustomList/DataGrid.Columns[1]/DataGridTextColumn[3]","Header","Detail",""
"src/TrueforceForAll.Plugin/PresetManagerControl.xaml","567","TextBlock","CustomListEmpty","Text","No custom engines yet. With a car loaded, open Manage variants… in the Car Facts panel, then Create custom engine…",""
"src/TrueforceForAll.Plugin/PresetManagerControl.xaml","578","TextBlock","PacksPanel/TextBlock[1]","Text","A pack bundles several presets at once. Find shared packs in the Community view.",""
"src/TrueforceForAll.Plugin/PresetManagerControl.xaml","579","DockPanel","PacksPanel/DockPanel[1]","LastChildFill","True","identifier"
"src/TrueforceForAll.Plugin/PresetManagerControl.xaml","581","Button","PacksCreateBtn","Content","Create a pack…",""
"src/TrueforceForAll.Plugin/PresetManagerControl.xaml","582","Button","PacksCreateBtn","ToolTip","Bundle game presets, car presets, and custom engines from your library into a pack and upload it to the community.",""
"src/TrueforceForAll.Plugin/PresetManagerControl.xaml","583","Button","PacksSetDefaultsBtn","Content","Set as defaults",""
"src/TrueforceForAll.Plugin/PresetManagerControl.xaml","584","Button","PacksSetDefaultsBtn","ToolTip","Bind every preset this pack ships as the auto-load default for the games / cars it targets.",""
"src/TrueforceForAll.Plugin/PresetManagerControl.xaml","585","Button","PacksRemoveBtn","Content","Remove pack",""
"src/TrueforceForAll.Plugin/PresetManagerControl.xaml","586","Button","PacksRemoveBtn","ToolTip","Delete every preset this pack installed that you haven't edited. User-edited entries are preserved.",""
"src/TrueforceForAll.Plugin/PresetManagerControl.xaml","589","TextBlock","PacksStatusLabel","Text","","empty"
"src/TrueforceForAll.Plugin/PresetManagerControl.xaml","592","DataGrid","PacksList","AutoGenerateColumns","False","identifier"
"src/TrueforceForAll.Plugin/PresetManagerControl.xaml","592","DataGrid","PacksList","CanUserAddRows","False","identifier"
"src/TrueforceForAll.Plugin/PresetManagerControl.xaml","593","DataGrid","PacksList","CanUserDeleteRows","False","identifier"
"src/TrueforceForAll.Plugin/PresetManagerControl.xaml","593","DataGrid","PacksList","CanUserResizeRows","False","identifier"
"src/TrueforceForAll.Plugin/PresetManagerControl.xaml","594","DataGrid","PacksList","CanUserSortColumns","False","identifier"
"src/TrueforceForAll.Plugin/PresetManagerControl.xaml","594","DataGrid","PacksList","CanUserReorderColumns","True","identifier"
"src/TrueforceForAll.Plugin/PresetManagerControl.xaml","597","DataGrid","PacksList","IsReadOnly","True","identifier"
"src/TrueforceForAll.Plugin/PresetManagerControl.xaml","602","DataGridTextColumn","PacksList/DataGrid.Columns[1]/DataGridTextColumn[1]","Header","Pack name",""
"src/TrueforceForAll.Plugin/PresetManagerControl.xaml","603","DataGridTextColumn","PacksList/DataGrid.Columns[1]/DataGridTextColumn[2]","Header","Shared by",""
"src/TrueforceForAll.Plugin/PresetManagerControl.xaml","604","DataGridTextColumn","PacksList/DataGrid.Columns[1]/DataGridTextColumn[3]","Header","Version",""
"src/TrueforceForAll.Plugin/PresetManagerControl.xaml","605","DataGridTextColumn","PacksList/DataGrid.Columns[1]/DataGridTextColumn[4]","Header","Entries",""
"src/TrueforceForAll.Plugin/PresetManagerControl.xaml","606","DataGridTextColumn","PacksList/DataGrid.Columns[1]/DataGridTextColumn[5]","Header","Imported",""
"src/TrueforceForAll.Plugin/PresetManagerControl.xaml","617","TextBlock","CommunityHelpText","Text","Browse and download community presets for the car you're driving.",""
"src/TrueforceForAll.Plugin/PresetManagerControl.xaml","626","TextBlock","CommunityGateTitle","Text","","empty"
"src/TrueforceForAll.Plugin/PresetManagerControl.xaml","628","TextBlock","CommunityGateBody","Text","","empty"
"src/TrueforceForAll.Plugin/PresetManagerControl.xaml","634","Button","CommunityGateBtn","Content","Enable community features",""
"src/TrueforceForAll.Plugin/PresetManagerControl.xaml","641","TextBlock","CommunitySearchRow/TextBlock[1]","Text","Search:",""
"src/TrueforceForAll.Plugin/PresetManagerControl.xaml","643","Button","CommunitySearchClearBtn","Content","✕","glyph"
"src/TrueforceForAll.Plugin/PresetManagerControl.xaml","647","Button","CommunitySearchClearBtn","ToolTip","Clear the search and go back to the car you're driving.",""
"src/TrueforceForAll.Plugin/PresetManagerControl.xaml","650","TextBox","CommunitySearchBox","ToolTip","Find presets by name, author, or car name (e.g. type 'mx5') across the games selected below. Clear to go back to the car you're driving.",""
"src/TrueforceForAll.Plugin/PresetManagerControl.xaml","658","TextBlock","CommunityScopeLabel","Text","Active car:",""
"src/TrueforceForAll.Plugin/PresetManagerControl.xaml","661","ComboBox","CommunitySortCombo","ToolTip","How to order the list.",""
"src/TrueforceForAll.Plugin/PresetManagerControl.xaml","662","ComboBoxItem","CommunitySortCombo/ComboBoxItem[1]","Content","Top rated",""
"src/TrueforceForAll.Plugin/PresetManagerControl.xaml","662","ComboBoxItem","CommunitySortCombo/ComboBoxItem[1]","IsSelected","True","identifier"
"src/TrueforceForAll.Plugin/PresetManagerControl.xaml","663","ComboBoxItem","CommunitySortCombo/ComboBoxItem[2]","Content","Newest",""
"src/TrueforceForAll.Plugin/PresetManagerControl.xaml","664","ComboBoxItem","CommunitySortCombo/ComboBoxItem[3]","Content","Most downloaded",""
"src/TrueforceForAll.Plugin/PresetManagerControl.xaml","667","TextBlock","CommunityCarLabel","Text","(none)",""
"src/TrueforceForAll.Plugin/PresetManagerControl.xaml","669","DockPanel","CommunityActionsRow","LastChildFill","True","identifier"
"src/TrueforceForAll.Plugin/PresetManagerControl.xaml","671","Button","CommunityFixAppealBtn","Content","Fix / appeal",""
"src/TrueforceForAll.Plugin/PresetManagerControl.xaml","672","Button","CommunityFixAppealBtn","ToolTip","This upload was removed or suspended. Fix it and request a moderator review.",""
"src/TrueforceForAll.Plugin/PresetManagerControl.xaml","673","Button","CommunityReportBtn","Content","Report",""
"src/TrueforceForAll.Plugin/PresetManagerControl.xaml","674","Button","CommunityReportBtn","ToolTip","Flag inappropriate content for moderator review.",""
"src/TrueforceForAll.Plugin/PresetManagerControl.xaml","675","Button","CommunityEditBtn","Content","Edit…",""
"src/TrueforceForAll.Plugin/PresetManagerControl.xaml","676","Button","CommunityEditBtn","ToolTip","Edit one of your own uploads (name, description, body) without resetting its votes and downloads. Visible only on rows you uploaded while signed in.",""
"src/TrueforceForAll.Plugin/PresetManagerControl.xaml","677","Button","CommunityDeleteBtn","Content","Delete",""
"src/TrueforceForAll.Plugin/PresetManagerControl.xaml","678","Button","CommunityDeleteBtn","ToolTip","Soft-delete one of your own uploads. Visible only on rows you uploaded while signed in.",""
"src/TrueforceForAll.Plugin/PresetManagerControl.xaml","679","Button","CommunityDownloadBtn","Content","Download…",""
"src/TrueforceForAll.Plugin/PresetManagerControl.xaml","680","Button","CommunityDownloadBtn","ToolTip","Opens a preview of what's inside; pick which parts to import, then confirm.",""
"src/TrueforceForAll.Plugin/PresetManagerControl.xaml","683","TextBlock","CommunityStatusLabel","Text","","empty"
"src/TrueforceForAll.Plugin/PresetManagerControl.xaml","687","TextBlock","CommunityDescriptionText","Text","","empty"
"src/TrueforceForAll.Plugin/PresetManagerControl.xaml","691","Button","CommunityShowMoreBtn","Content","Show more",""
"src/TrueforceForAll.Plugin/PresetManagerControl.xaml","694","Button","CommunityShowMoreBtn","ToolTip","Load the next page of community results.",""
"src/TrueforceForAll.Plugin/PresetManagerControl.xaml","697","DataGrid","CommunityList","AutoGenerateColumns","False","identifier"
"src/TrueforceForAll.Plugin/PresetManagerControl.xaml","697","DataGrid","CommunityList","CanUserAddRows","False","identifier"
"src/TrueforceForAll.Plugin/PresetManagerControl.xaml","698","DataGrid","CommunityList","CanUserDeleteRows","False","identifier"
"src/TrueforceForAll.Plugin/PresetManagerControl.xaml","698","DataGrid","CommunityList","CanUserResizeRows","False","identifier"
"src/TrueforceForAll.Plugin/PresetManagerControl.xaml","699","DataGrid","CommunityList","CanUserSortColumns","False","identifier"
"src/TrueforceForAll.Plugin/PresetManagerControl.xaml","699","DataGrid","CommunityList","CanUserReorderColumns","True","identifier"
"src/TrueforceForAll.Plugin/PresetManagerControl.xaml","702","DataGrid","CommunityList","IsReadOnly","True","identifier"
"src/TrueforceForAll.Plugin/PresetManagerControl.xaml","717","DataGridTemplateColumn","CommunityList/DataGrid.Columns[1]/DataGridTemplateColumn[1]","Header","Vote",""
"src/TrueforceForAll.Plugin/PresetManagerControl.xaml","717","DataGridTemplateColumn","CommunityList/DataGrid.Columns[1]/DataGridTemplateColumn[1]","CanUserResize","False","identifier"
"src/TrueforceForAll.Plugin/PresetManagerControl.xaml","717","DataGridTemplateColumn","CommunityList/DataGrid.Columns[1]/DataGridTemplateColumn[1]","CanUserReorder","False","identifier"
"src/TrueforceForAll.Plugin/PresetManagerControl.xaml","721","TextBlock","CommunityList/DataGrid.Columns[1]/DataGridTemplateColumn[1]/DataGridTemplateColumn.CellTemplate[1]/DataTemplate[1]/StackPanel[1]/TextBlock[1]","Text","▲","glyph"
"src/TrueforceForAll.Plugin/PresetManagerControl.xaml","726","TextBlock","CommunityList/DataGrid.Columns[1]/DataGridTemplateColumn[1]/DataGridTemplateColumn.CellTemplate[1]/DataTemplate[1]/StackPanel[1]/TextBlock[2]","Text","{Binding ScoreLabel}","binding"
"src/TrueforceForAll.Plugin/PresetManagerControl.xaml","729","TextBlock","CommunityList/DataGrid.Columns[1]/DataGridTemplateColumn[1]/DataGridTemplateColumn.CellTemplate[1]/DataTemplate[1]/StackPanel[1]/TextBlock[3]","Text","▼","glyph"
"src/TrueforceForAll.Plugin/PresetManagerControl.xaml","738","DataGridTextColumn","CommunityList/DataGrid.Columns[1]/DataGridTextColumn[1]","Header","Name",""
"src/TrueforceForAll.Plugin/PresetManagerControl.xaml","741","DataGridTextColumn","CommunityStateCol","Header","Status",""
"src/TrueforceForAll.Plugin/PresetManagerControl.xaml","742","DataGridTextColumn","CommunityList/DataGrid.Columns[1]/DataGridTextColumn[3]","Header","Shared by",""
"src/TrueforceForAll.Plugin/PresetManagerControl.xaml","747","DataGridTextColumn","CommunityItemCountCol","Header","Items",""
"src/TrueforceForAll.Plugin/PresetManagerControl.xaml","748","DataGridTextColumn","CommunityGameCol","Header","Game",""
"src/TrueforceForAll.Plugin/PresetManagerControl.xaml","750","DataGridTextColumn","CommunityScopeCol","Header","Scope",""
"src/TrueforceForAll.Plugin/PresetManagerControl.xaml","751","DataGridTextColumn","CommunityCarIdCol","Header","Car ID",""
"src/TrueforceForAll.Plugin/PresetManagerControl.xaml","752","DataGridTextColumn","CommunityList/DataGrid.Columns[1]/DataGridTextColumn[8]","Header","Downloads",""
"src/TrueforceForAll.Plugin/PresetManagerControl.xaml","753","DataGridTextColumn","CommunitySectionsCol","Header","Sections",""
"src/TrueforceForAll.Plugin/PresetManagerControl.xaml","766","TextBlock","CommunityEmptyText","Text","Nothing shared here yet.",""
"src/TrueforceForAll.Plugin/PresetManagerControl.xaml","774","Button","EmptyShareCtaBtn","ToolTip","Share your local preset so other drivers can find it for this scope.",""
"src/TrueforceForAll.Plugin/PresetManagerControl.xaml","783","Button","UserControl[1]/Grid[1]/StackPanel[1]/StackPanel[1]/Button[1]","Content","Export…",""
"src/TrueforceForAll.Plugin/PresetManagerControl.xaml","784","Button","UserControl[1]/Grid[1]/StackPanel[1]/StackPanel[1]/Button[1]","ToolTip","Pick which presets and car tunings to bundle into a shareable file. Same flow as the Export button on the main panel.",""
"src/TrueforceForAll.Plugin/PresetManagerControl.xaml","785","Button","UserControl[1]/Grid[1]/StackPanel[1]/StackPanel[1]/Button[2]","Content","Import…",""
"src/TrueforceForAll.Plugin/PresetManagerControl.xaml","786","Button","UserControl[1]/Grid[1]/StackPanel[1]/StackPanel[1]/Button[2]","ToolTip","Import a preset, car preset, pack, or full settings backup. The file kind is auto-detected.",""
"src/TrueforceForAll.Plugin/PresetManagerControl.xaml","787","Button","UserControl[1]/Grid[1]/StackPanel[1]/StackPanel[1]/Button[3]","Content","Installed packs…",""
"src/TrueforceForAll.Plugin/PresetManagerControl.xaml","788","Button","UserControl[1]/Grid[1]/StackPanel[1]/StackPanel[1]/Button[3]","ToolTip","View installed community packs. Set a pack's contents as defaults in bulk, or remove a pack (deletes its presets; entries you have edited are kept).",""
"src/TrueforceForAll.Plugin/PresetManagerControl.xaml","792","TextBlock","IoStatusLabel","Text","","empty"
"src/TrueforceForAll.Plugin/PresetManagerControl.xaml","799","TextBlock","DevBar/StackPanel[1]/TextBlock[1]","Text","Developer: built-in preset folder",""
"src/TrueforceForAll.Plugin/PresetManagerControl.xaml","802","Button","DevBar/StackPanel[1]/WrapPanel[1]/Button[1]","Content","Open folder",""
"src/TrueforceForAll.Plugin/PresetManagerControl.xaml","803","Button","DevBar/StackPanel[1]/WrapPanel[1]/Button[1]","ToolTip","Open the built-in preset folder in Explorer.",""
"src/TrueforceForAll.Plugin/PresetManagerControl.xaml","804","Button","DevBar/StackPanel[1]/WrapPanel[1]/Button[2]","Content","Validate",""
"src/TrueforceForAll.Plugin/PresetManagerControl.xaml","805","Button","DevBar/StackPanel[1]/WrapPanel[1]/Button[2]","ToolTip","Parse every built-in and flag any that fail to load or are missing a newer effect section.",""
"src/TrueforceForAll.Plugin/PresetManagerControl.xaml","806","Button","DevBar/StackPanel[1]/WrapPanel[1]/Button[3]","Content","Refresh library",""
"src/TrueforceForAll.Plugin/PresetManagerControl.xaml","807","Button","DevBar/StackPanel[1]/WrapPanel[1]/Button[3]","ToolTip","Re-scan the factory + user folders and rebuild every runtime cache. Use after editing files in the folders outside the app (imports, manual edits).",""
"src/TrueforceForAll.Plugin/CustomEngineEditor.xaml","4","Window","Window[1]","Title","Custom engine",""
"src/TrueforceForAll.Plugin/CustomEngineEditor.xaml","8","Window","Window[1]","ShowInTaskbar","False","identifier"
"src/TrueforceForAll.Plugin/CustomEngineEditor.xaml","37","TextBlock","Window[1]/Grid[1]/TextBlock[1]","Text","Pick the firing pattern closest to the real engine and set the cylinder or rotor count. Save, then choose your new engine in a variant's Engine dropdown to hear it on that car.",""
"src/TrueforceForAll.Plugin/CustomEngineEditor.xaml","44","TextBlock","ElectricConvertNote","Text","This engine was saved as electric. Saving here converts it to a firing-pattern engine. For electric cars, use the built-in Electric engine type and the EV behavior setting instead.",""
"src/TrueforceForAll.Plugin/CustomEngineEditor.xaml","49","TextBlock","Window[1]/Grid[1]/Grid[1]/TextBlock[1]","Text","Name:",""
"src/TrueforceForAll.Plugin/CustomEngineEditor.xaml","51","TextBox","NameTextBox","ToolTip","What this engine is called in the Engine dropdowns, e.g. 'LS3 swap' or 'Crossplane R1'.",""
"src/TrueforceForAll.Plugin/CustomEngineEditor.xaml","57","TextBlock","Window[1]/Grid[1]/Grid[2]/TextBlock[1]","Text","Firing pattern:",""
"src/TrueforceForAll.Plugin/CustomEngineEditor.xaml","58","TextBlock","Window[1]/Grid[1]/Grid[2]/TextBlock[1]","ToolTip","Picks how pulses distribute within one 720° engine cycle. Even-fire covers Inline / Boxer / V60° / V90° / V8 flat-plane / V10 / V12 / W12-16 / V4.",""
"src/TrueforceForAll.Plugin/CustomEngineEditor.xaml","60","ComboBoxItem","ShapeCombo/ComboBoxItem[1]","Content","Even-fire (cyl count picks Inline / Boxer / V / W)",""
"src/TrueforceForAll.Plugin/CustomEngineEditor.xaml","61","ComboBoxItem","ShapeCombo/ComboBoxItem[2]","Content","V8 cross-plane (American muscle, locks at 8)",""
"src/TrueforceForAll.Plugin/CustomEngineEditor.xaml","62","ComboBoxItem","ShapeCombo/ComboBoxItem[3]","Content","V6 odd-fire 90° (locks at 6)",""
"src/TrueforceForAll.Plugin/CustomEngineEditor.xaml","63","ComboBoxItem","ShapeCombo/ComboBoxItem[4]","Content","V-twin 90° (Ducati, locks at 2)",""
"src/TrueforceForAll.Plugin/CustomEngineEditor.xaml","64","ComboBoxItem","ShapeCombo/ComboBoxItem[5]","Content","V-twin 60° (Aprilia, KTM, locks at 2)",""
"src/TrueforceForAll.Plugin/CustomEngineEditor.xaml","65","ComboBoxItem","ShapeCombo/ComboBoxItem[6]","Content","V-twin 45° (Harley, locks at 2)",""
"src/TrueforceForAll.Plugin/CustomEngineEditor.xaml","66","ComboBoxItem","ShapeCombo/ComboBoxItem[7]","Content","Inline-4 cross-plane (Yamaha R1, locks at 4)",""
"src/TrueforceForAll.Plugin/CustomEngineEditor.xaml","67","ComboBoxItem","ShapeCombo/ComboBoxItem[8]","Content","Rotary (rotor count)",""
"src/TrueforceForAll.Plugin/CustomEngineEditor.xaml","68","ComboBoxItem","ShapeCombo/ComboBoxItem[9]","Content","Parallel twin 180° (MT-07, RS660, locks at 2)",""
"src/TrueforceForAll.Plugin/CustomEngineEditor.xaml","69","ComboBoxItem","ShapeCombo/ComboBoxItem[10]","Content","V4 Twin Pulse (Panigale, locks at 4)",""
"src/TrueforceForAll.Plugin/CustomEngineEditor.xaml","70","ComboBoxItem","ShapeCombo/ComboBoxItem[11]","Content","Boxer-4 rumble (Subaru, locks at 4)",""
"src/TrueforceForAll.Plugin/CustomEngineEditor.xaml","77","TextBlock","CountLabel","Text","Cylinders:",""
"src/TrueforceForAll.Plugin/CustomEngineEditor.xaml","79","Slider","CountSlider","IsSnapToTickEnabled","True","identifier"
"src/TrueforceForAll.Plugin/CustomEngineEditor.xaml","81","TextBox","CountText","Text","4","numeric"
"src/TrueforceForAll.Plugin/CustomEngineEditor.xaml","87","TextBlock","Window[1]/Grid[1]/Grid[4]/TextBlock[1]","Text","Pattern:",""
"src/TrueforceForAll.Plugin/CustomEngineEditor.xaml","88","TextBlock","Window[1]/Grid[1]/Grid[4]/TextBlock[1]","ToolTip","Comma-separated positions from 0 up to (but not including) 1, marking where each pulse fires within one engine cycle. Optional ':amplitude' suffix per pulse (0.25:0.85) makes that pulse softer. Auto-fills when you pick a shape / count above; hand-edit for odd-fire engines.",""
"src/TrueforceForAll.Plugin/CustomEngineEditor.xaml","95","TextBlock","PatternHelp","Text","Each number is when a cylinder fires within one engine cycle, from 0 to 1.",""
"src/TrueforceForAll.Plugin/CustomEngineEditor.xaml","96","Button","RegeneratePatternButton","Content","Regenerate",""
"src/TrueforceForAll.Plugin/CustomEngineEditor.xaml","99","Button","RegeneratePatternButton","ToolTip","Rebuild the pattern from the shape and cylinder count above. Replaces any manual edits.",""
"src/TrueforceForAll.Plugin/CustomEngineEditor.xaml","105","Button","Window[1]/Grid[1]/Grid[6]/Button[1]","Content","Cancel",""
"src/TrueforceForAll.Plugin/CustomEngineEditor.xaml","105","Button","Window[1]/Grid[1]/Grid[6]/Button[1]","IsCancel","True","identifier"
"src/TrueforceForAll.Plugin/CustomEngineEditor.xaml","106","Button","Window[1]/Grid[1]/Grid[6]/Button[2]","Content","Save",""
"src/TrueforceForAll.Plugin/CustomEngineEditor.xaml","106","Button","Window[1]/Grid[1]/Grid[6]/Button[2]","IsDefault","True","identifier"
"src/TrueforceForAll.Plugin/MotdStrip.xaml","49","TextBlock","IconText","Text","📢","glyph"
"src/TrueforceForAll.Plugin/MotdStrip.xaml","57","Button","MoreButton","Content","more",""
"src/TrueforceForAll.Plugin/MotdStrip.xaml","60","Button","LinkButton","Content","Learn more",""
"src/TrueforceForAll.Plugin/MotdStrip.xaml","66","Button","DismissButton","Content","✕","glyph"
"src/TrueforceForAll.Plugin/MotdStrip.xaml","67","Button","DismissButton","ToolTip","Dismiss",""
