"key","file","line","xName","attribute","value","reviewFlag","siblingNames","helpText","ownToolTip"
"TelemetryFfb_TelemetryFfbTab_Header","src/TrueforceForAll.Plugin/SettingsControl.xaml","2697","TelemetryFfbTab","Header","Telemetry FFB","code-assigned: TelemetryFfbTab.Header","EffectsTab LightsyncTab PresetsTab ControlsTab SettingsTab AccountTab SupportTab","",""
"TelemetryFfb_FfbScaleRowFfbScale","src/TrueforceForAll.Plugin/SettingsControl.xaml","2707","FfbScaleRow/TextBlock[1]","Text","FFB scale:","","FfbScaleSlider","",""
"TelemetryFfb_TeleFfbSection","src/TrueforceForAll.Plugin/SettingsControl.xaml","2715","TeleFfbSectionHeader","Text","Telemetry Based FFB","code-assigned: TeleFfbSectionHeader.Text","","",""
"TelemetryFfb_FsModBanner","src/TrueforceForAll.Plugin/SettingsControl.xaml","2733","FsModBannerText","Text","Install the TF4ALL Enhanced Telemetry mod for richer force feedback in Farming Simulator.","code-assigned: FsModBannerText.Text","FsModInstallButton","",""
"TelemetryFfb_FsModInstall","src/TrueforceForAll.Plugin/SettingsControl.xaml","2734","FsModInstallButton","Content","Install","","FsModBannerText","",""
"TelemetryFfb_ArcadeTuning","src/TrueforceForAll.Plugin/SettingsControl.xaml","2772","ArcadeTuningHeader","Text","Arcade cabinet","code-assigned: ArcadeTuningHeader.Text","ArcadeTuningStatus ArcadeTuningFooter","",""
"TelemetryFfb_ArcadeTuningWeakForceLift","src/TrueforceForAll.Plugin/SettingsControl.xaml","2778","ArcadeTuningPanel/Grid[1]/TextBlock[1]","Text","Weak force lift:","","ArcadeMinForceSlider","Percent. Lifts the quiet forces, leaves the loud ones alone.","Raises the quiet forces without touching the loud ones, for a cabinet whose output is too light on a strong wheel."
"TelemetryFfb_ArcadeTuningWeakForceLift_Tip","src/TrueforceForAll.Plugin/SettingsControl.xaml","2779","ArcadeTuningPanel/Grid[1]/TextBlock[1]","ToolTip","Raises the quiet forces without touching the loud ones, for a cabinet whose output is too light on a strong wheel.","","ArcadeMinForceSlider","Percent. Lifts the quiet forces, leaves the loud ones alone.",""
"TelemetryFfb_ArcadeMinForce_Tip","src/TrueforceForAll.Plugin/SettingsControl.xaml","2782","ArcadeMinForceSlider","ToolTip","Raises the quiet forces without touching the loud ones, for a cabinet whose output is too light on a strong wheel.","","","Percent. Lifts the quiet forces, leaves the loud ones alone.",""
"TelemetryFfb_ArcadeTuningPercentLiftsTheQuiet","src/TrueforceForAll.Plugin/SettingsControl.xaml","2786","ArcadeTuningPanel/TextBlock[3]","Text","Percent. Lifts the quiet forces, leaves the loud ones alone.","","ArcadeTuningHeader ArcadeTuningStatus ArcadeTuningFooter","",""
"TelemetryFfb_ArcadeTuningWaveformStrength","src/TrueforceForAll.Plugin/SettingsControl.xaml","2790","ArcadeTuningPanel/Grid[2]/TextBlock[1]","Text","Waveform strength:","","ArcadeWaveGainSlider","Percent. The buzz and rumble only; the steering force keeps its own strength.","Scales only the buzz and rumble this cabinet plays. The steering force is left alone, so a wheel set strong enough for the steering can still have a quieter buzz."
"TelemetryFfb_ArcadeTuningWaveformStrength_Tip","src/TrueforceForAll.Plugin/SettingsControl.xaml","2791","ArcadeTuningPanel/Grid[2]/TextBlock[1]","ToolTip","Scales only the buzz and rumble this cabinet plays. The steering force is left alone, so a wheel set strong enough for the steering can still have a quieter buzz.","","ArcadeWaveGainSlider","Percent. The buzz and rumble only; the steering force keeps its own strength.",""
"TelemetryFfb_ArcadeWaveGain_Tip","src/TrueforceForAll.Plugin/SettingsControl.xaml","2794","ArcadeWaveGainSlider","ToolTip","Scales only the buzz and rumble this cabinet plays. The steering force is left alone, so a wheel set strong enough for the steering can still have a quieter buzz.","","","Percent. The buzz and rumble only; the steering force keeps its own strength.",""
"TelemetryFfb_ArcadeTuningPercentTheBuzzAnd","src/TrueforceForAll.Plugin/SettingsControl.xaml","2798","ArcadeTuningPanel/TextBlock[4]","Text","Percent. The buzz and rumble only; the steering force keeps its own strength.","","ArcadeTuningHeader ArcadeTuningStatus ArcadeTuningFooter","",""
"TelemetryFfb_ArcadeTuningForceLinger","src/TrueforceForAll.Plugin/SettingsControl.xaml","2802","ArcadeTuningPanel/Grid[3]/TextBlock[1]","Text","Force linger:","","ArcadeHoldMsSlider","Milliseconds, the game's own setting, written to its FFBPlugin.ini. It is what the game uses when you run it without SimHub. The two holds below override it here.","How long the steering force and the spring keep acting after the game stops sending them. Rumble and friction set their own and ignore this."
"TelemetryFfb_ArcadeTuningForceLinger_Tip","src/TrueforceForAll.Plugin/SettingsControl.xaml","2803","ArcadeTuningPanel/Grid[3]/TextBlock[1]","ToolTip","How long the steering force and the spring keep acting after the game stops sending them. Rumble and friction set their own and ignore this.","","ArcadeHoldMsSlider","Milliseconds, the game's own setting, written to its FFBPlugin.ini. It is what the game uses when you run it without SimHub. The two holds below override it here.",""
"TelemetryFfb_ArcadeHoldMs_Tip","src/TrueforceForAll.Plugin/SettingsControl.xaml","2806","ArcadeHoldMsSlider","ToolTip","How long the steering force and the spring keep acting after the game stops sending them. Rumble and friction set their own and ignore this.","","","Milliseconds, the game's own setting, written to its FFBPlugin.ini. It is what the game uses when you run it without SimHub. The two holds below override it here.",""
"TelemetryFfb_ArcadeTuningMillisecondsTheGameS","src/TrueforceForAll.Plugin/SettingsControl.xaml","2810","ArcadeTuningPanel/TextBlock[5]","Text","Milliseconds, the game's own setting, written to its FFBPlugin.ini. It is what the game uses when you run it without SimHub. The two holds below override it here.","","ArcadeTuningHeader ArcadeTuningStatus ArcadeTuningFooter","",""
"TelemetryFfb_ArcadeTuningSteadyForceHold","src/TrueforceForAll.Plugin/SettingsControl.xaml","2815","ArcadeTuningPanel/Grid[4]/TextBlock[1]","Text","Steady force hold:","","ArcadeSteerHoldSlider","Milliseconds, for the steering force, spring and damper. 50 is what the cabinet commands. Higher keeps weight in the wheel but holds a force the game already cancelled.","How long the steering force, the spring and the damper keep acting after the cabinet stops sending them. 0 follows Force linger."
"TelemetryFfb_ArcadeTuningSteadyForceHold_Tip","src/TrueforceForAll.Plugin/SettingsControl.xaml","2816","ArcadeTuningPanel/Grid[4]/TextBlock[1]","ToolTip","How long the steering force, the spring and the damper keep acting after the cabinet stops sending them. 0 follows Force linger.","","ArcadeSteerHoldSlider","Milliseconds, for the steering force, spring and damper. 50 is what the cabinet commands. Higher keeps weight in the wheel but holds a force the game already cancelled.",""
"TelemetryFfb_ArcadeSteerHold_Tip","src/TrueforceForAll.Plugin/SettingsControl.xaml","2819","ArcadeSteerHoldSlider","ToolTip","How long the steering force, the spring and the damper keep acting after the cabinet stops sending them. 0 follows Force linger.","","","Milliseconds, for the steering force, spring and damper. 50 is what the cabinet commands. Higher keeps weight in the wheel but holds a force the game already cancelled.",""
"TelemetryFfb_ArcadeTuningMillisecondsForTheSteering","src/TrueforceForAll.Plugin/SettingsControl.xaml","2823","ArcadeTuningPanel/TextBlock[6]","Text","Milliseconds, for the steering force, spring and damper. 50 is what the cabinet commands. Higher keeps weight in the wheel but holds a force the game already cancelled.","","ArcadeTuningHeader ArcadeTuningStatus ArcadeTuningFooter","",""
"TelemetryFfb_ArcadeTuningVibrationHold","src/TrueforceForAll.Plugin/SettingsControl.xaml","2827","ArcadeTuningPanel/Grid[5]/TextBlock[1]","Text","Vibration hold:","","ArcadeVibHoldSlider","Milliseconds, buzz only. 0 plays each cycle as sent; raise it to smooth a stuttery buzz.","How long the buzz keeps playing after the cabinet stops sending it. 0 follows the length the game asks for, which is one cycle."
"TelemetryFfb_ArcadeTuningVibrationHold_Tip","src/TrueforceForAll.Plugin/SettingsControl.xaml","2828","ArcadeTuningPanel/Grid[5]/TextBlock[1]","ToolTip","How long the buzz keeps playing after the cabinet stops sending it. 0 follows the length the game asks for, which is one cycle.","","ArcadeVibHoldSlider","Milliseconds, buzz only. 0 plays each cycle as sent; raise it to smooth a stuttery buzz.",""
"TelemetryFfb_ArcadeVibHold_Tip","src/TrueforceForAll.Plugin/SettingsControl.xaml","2831","ArcadeVibHoldSlider","ToolTip","How long the buzz keeps playing after the cabinet stops sending it. 0 follows the length the game asks for, which is one cycle.","","","Milliseconds, buzz only. 0 plays each cycle as sent; raise it to smooth a stuttery buzz.",""
"TelemetryFfb_ArcadeTuningMillisecondsBuzzOnly0","src/TrueforceForAll.Plugin/SettingsControl.xaml","2835","ArcadeTuningPanel/TextBlock[7]","Text","Milliseconds, buzz only. 0 plays each cycle as sent; raise it to smooth a stuttery buzz.","","ArcadeTuningHeader ArcadeTuningStatus ArcadeTuningFooter","These take effect straight away, without restarting the game. FFB scale and smoothing are the controls above, and each cabinet keeps its own.",""
"TelemetryFfb_ArcadeTuningFooter","src/TrueforceForAll.Plugin/SettingsControl.xaml","2838","ArcadeTuningFooter","Text","These take effect straight away, without restarting the game. FFB scale and smoothing are the controls above, and each cabinet keeps its own.","","ArcadeTuningHeader ArcadeTuningStatus","",""
"TelemetryFfb_ModeBIntro","src/TrueforceForAll.Plugin/SettingsControl.xaml","2849","ModeBIntroText","Text","The wheel's steering force is built from telemetry instead of the game's own FFB. Works in Forza Motorsport (2023) and Forza Horizon 4, 5, and 6. Set the game's force feedback and vibration to 0 so this is the only force on the wheel. Farming Simulator 22 and 25 are supported too, through the spring option below.","code-assigned: ModeBIntroText.Text","ModeBIntroLink ModeBContentionWarning ModeBSlipStarvedWarning ModeBEnabledCheck ModeBGameNote ModeBForzaTuningPanel SpringEssentialsPanel IRacingTuningPanel ModeBDamperRow ModeBDamperHelp IRacingKerbExpander IRacingSoftLockExpander SpringTerrainPanel ModeBForzaTuningPanel2 FfbPassthroughExpanderSection R3EStationaryDamperExpander StationarySpringExpander SpikeReductionExpanderSection IRacingAdvancedExpander WheelLightsBlock WheelScreenBlock","Setup instructions",""
"TelemetryFfb_ModeBIntroWhatTelemetryBasedFfb_Tip","src/TrueforceForAll.Plugin/SettingsControl.xaml","2856","ModeBIntroLink/Hyperlink[1]","ToolTip","What Telemetry Based FFB does, and what to set in the game first.","","","",""
"TelemetryFfb_ModeBIntroSetupInstructions","src/TrueforceForAll.Plugin/SettingsControl.xaml","2856","ModeBIntroLink/Hyperlink[1]","#text","Setup instructions","","","","What Telemetry Based FFB does, and what to set in the game first."
"TelemetryFfb_ModeBContentionWarning","src/TrueforceForAll.Plugin/SettingsControl.xaml","2864","ModeBContentionWarning","Text","The game is still sending its own force feedback, so two force streams are fighting and the wheel will feel jumpy or buzzy. In the game's wheel settings, set force feedback and vibration strength to 0 so this is the only force on the wheel.","","ModeBIntroText ModeBIntroLink ModeBSlipStarvedWarning ModeBEnabledCheck ModeBGameNote ModeBForzaTuningPanel SpringEssentialsPanel IRacingTuningPanel ModeBDamperRow ModeBDamperHelp IRacingKerbExpander IRacingSoftLockExpander SpringTerrainPanel ModeBForzaTuningPanel2 FfbPassthroughExpanderSection R3EStationaryDamperExpander StationarySpringExpander SpikeReductionExpanderSection IRacingAdvancedExpander WheelLightsBlock WheelScreenBlock","",""
"TelemetryFfb_ModeBSlipStarvedWarningTelemetryBasedFfbIs","src/TrueforceForAll.Plugin/SettingsControl.xaml","2880","ModeBSlipStarvedWarning/TextBlock[1]","Text","Telemetry Based FFB is on, but the game's telemetry is not reaching this plugin. In the game's Data Out settings, send telemetry to the plugin's port, then enable forwarding to SimHub. The Set up button shows the steps.","","ModeBSlipStarvedSetupButton","",""
"TelemetryFfb_ModeBSlipStarvedSetup","src/TrueforceForAll.Plugin/SettingsControl.xaml","2881","ModeBSlipStarvedSetupButton","Content","Set up…","","","","Jump to the Forza telemetry setup."
"TelemetryFfb_ModeBSlipStarvedSetup_Tip","src/TrueforceForAll.Plugin/SettingsControl.xaml","2885","ModeBSlipStarvedSetupButton","ToolTip","Jump to the Forza telemetry setup.","","","",""
"TelemetryFfb_ModeBEnabled","src/TrueforceForAll.Plugin/SettingsControl.xaml","2888","ModeBEnabledCheck","Content","Enable Telemetry Based FFB for this game","code-assigned: ModeBEnabledCheck.Content","ModeBIntroText ModeBIntroLink ModeBContentionWarning ModeBSlipStarvedWarning ModeBGameNote ModeBForzaTuningPanel SpringEssentialsPanel IRacingTuningPanel ModeBDamperRow ModeBDamperHelp IRacingKerbExpander IRacingSoftLockExpander SpringTerrainPanel ModeBForzaTuningPanel2 FfbPassthroughExpanderSection R3EStationaryDamperExpander StationarySpringExpander SpikeReductionExpanderSection IRacingAdvancedExpander WheelLightsBlock WheelScreenBlock","Enable this per game, for whichever game is running. Set that game's own force feedback and vibration to 0.","Remembered per game, for whichever game is running."
"TelemetryFfb_ModeBEnabled_Tip","src/TrueforceForAll.Plugin/SettingsControl.xaml","2889","ModeBEnabledCheck","ToolTip","Remembered per game, for whichever game is running.","","ModeBIntroText ModeBIntroLink ModeBContentionWarning ModeBSlipStarvedWarning ModeBGameNote ModeBForzaTuningPanel SpringEssentialsPanel IRacingTuningPanel ModeBDamperRow ModeBDamperHelp IRacingKerbExpander IRacingSoftLockExpander SpringTerrainPanel ModeBForzaTuningPanel2 FfbPassthroughExpanderSection R3EStationaryDamperExpander StationarySpringExpander SpikeReductionExpanderSection IRacingAdvancedExpander WheelLightsBlock WheelScreenBlock","Enable this per game, for whichever game is running. Set that game's own force feedback and vibration to 0.",""
"TelemetryFfb_ModeBGameNote","src/TrueforceForAll.Plugin/SettingsControl.xaml","2892","ModeBGameNote","Text","Enable this per game, for whichever game is running. Set that game's own force feedback and vibration to 0.","code-assigned: ModeBGameNote.Text","ModeBIntroText ModeBIntroLink ModeBContentionWarning ModeBSlipStarvedWarning ModeBEnabledCheck ModeBForzaTuningPanel SpringEssentialsPanel IRacingTuningPanel ModeBDamperRow ModeBDamperHelp IRacingKerbExpander IRacingSoftLockExpander SpringTerrainPanel ModeBForzaTuningPanel2 FfbPassthroughExpanderSection R3EStationaryDamperExpander StationarySpringExpander SpikeReductionExpanderSection IRacingAdvancedExpander WheelLightsBlock WheelScreenBlock","",""
"TelemetryFfb_ModeBForzaTuningStrength","src/TrueforceForAll.Plugin/SettingsControl.xaml","2909","ModeBForzaTuningPanel/Grid[1]/TextBlock[1]","Text","Strength:","","ModeBStrengthSlider","Overall steering force. Your wheel's defaults set the starting point.",""
"TelemetryFfb_ModeBForzaTuningOverallSteeringForceYour","src/TrueforceForAll.Plugin/SettingsControl.xaml","2914","ModeBForzaTuningPanel/TextBlock[1]","Text","Overall steering force. Your wheel's defaults set the starting point.","","ModeBAutoStrengthCheck","",""
"TelemetryFfb_ModeBAutoStrength","src/TrueforceForAll.Plugin/SettingsControl.xaml","2916","ModeBAutoStrengthCheck","Content","Auto strength per car","","","Levels cars out so every car lands at the heaviness your Strength slider sets. The trade: cars stop feeling lighter or heavier than each other. Takes a few laps per car to settle.","Learns how hard each car pushes the wheel, then scales it to match your Strength setting."
"TelemetryFfb_ModeBAutoStrength_Tip","src/TrueforceForAll.Plugin/SettingsControl.xaml","2917","ModeBAutoStrengthCheck","ToolTip","Learns how hard each car pushes the wheel, then scales it to match your Strength setting.","","","Levels cars out so every car lands at the heaviness your Strength slider sets. The trade: cars stop feeling lighter or heavier than each other. Takes a few laps per car to settle.",""
"TelemetryFfb_ModeBForzaTuningLevelsCarsOutSoEvery","src/TrueforceForAll.Plugin/SettingsControl.xaml","2919","ModeBForzaTuningPanel/TextBlock[2]","Text","Levels cars out so every car lands at the heaviness your Strength slider sets. The trade: cars stop feeling lighter or heavier than each other. Takes a few laps per car to settle.","","ModeBAutoStrengthCheck","",""
"TelemetryFfb_ModeBRelearn","src/TrueforceForAll.Plugin/SettingsControl.xaml","2931","ModeBRelearnBtn","Content","Re-learn car","","ModeBAutoStrengthStatus","","Forget what this car has learned and start again. Use it after a tune or a tire change makes the wheel feel wrong. This also clears the car's learned grip calibration."
"TelemetryFfb_ModeBRelearn_Tip","src/TrueforceForAll.Plugin/SettingsControl.xaml","2933","ModeBRelearnBtn","ToolTip","Forget what this car has learned and start again. Use it after a tune or a tire change makes the wheel feel wrong. This also clears the car's learned grip calibration.","","ModeBAutoStrengthStatus","",""
"TelemetryFfb_ModeBForzaTuningMinForce","src/TrueforceForAll.Plugin/SettingsControl.xaml","2938","ModeBForzaTuningPanel/Grid[3]/TextBlock[1]","Text","Min force:","","ModeBMinForceSlider","The smallest force your wheel will play.",""
"TelemetryFfb_ModeBMinForce_Tip","src/TrueforceForAll.Plugin/SettingsControl.xaml","2941","ModeBMinForceSlider","ToolTip","Raising it lifts faint cues above the wheel's own friction and brings the average force up, so a belt-driven wheel like the G923 feels stronger overall.","","","The smallest force your wheel will play.",""
"TelemetryFfb_ModeBForzaTuningTheSmallestForceYour","src/TrueforceForAll.Plugin/SettingsControl.xaml","2944","ModeBForzaTuningPanel/TextBlock[3]","Text","The smallest force your wheel will play.","","ModeBAutoStrengthCheck","",""
"TelemetryFfb_ModeBForzaTuningSteeringFeel","src/TrueforceForAll.Plugin/SettingsControl.xaml","2946","ModeBForzaTuningPanel/TextBlock[4]","Text","Steering feel","","ModeBAutoStrengthCheck","",""
"TelemetryFfb_ModeBForzaTuningCorneringWeight","src/TrueforceForAll.Plugin/SettingsControl.xaml","2950","ModeBForzaTuningPanel/Grid[4]/TextBlock[1]","Text","Cornering weight:","","ModeBLatSlider","Extra weight per g of cornering load. Fast sweepers get heavy, slow hairpins stay light. 0 = off.",""
"TelemetryFfb_ModeBForzaTuningExtraWeightPerGOf","src/TrueforceForAll.Plugin/SettingsControl.xaml","2955","ModeBForzaTuningPanel/TextBlock[5]","Text","Extra weight per g of cornering load. Fast sweepers get heavy, slow hairpins stay light. 0 = off.","","ModeBAutoStrengthCheck","",""
"TelemetryFfb_SpringEssentialsStrength","src/TrueforceForAll.Plugin/SettingsControl.xaml","2966","SpringEssentialsPanel/Grid[1]/TextBlock[1]","Text","Strength:","","SpringStrengthSlider","Overall steering force (spring, terrain, drag, cornering weight together).",""
"TelemetryFfb_SpringStrength_Tip","src/TrueforceForAll.Plugin/SettingsControl.xaml","2969","SpringStrengthSlider","ToolTip","Damping is unaffected. The bound strength buttons adjust this while in Farming Simulator.","","","Overall steering force (spring, terrain, drag, cornering weight together).",""
"TelemetryFfb_SpringEssentialsOverallSteeringForceSpring","src/TrueforceForAll.Plugin/SettingsControl.xaml","2972","SpringEssentialsPanel/TextBlock[1]","Text","Overall steering force (spring, terrain, drag, cornering weight together).","","","",""
"TelemetryFfb_SpringEssentialsMinForce","src/TrueforceForAll.Plugin/SettingsControl.xaml","2975","SpringEssentialsPanel/Grid[2]/TextBlock[1]","Text","Min force:","","SpringMinForceSlider","The smallest force your wheel actually plays here: lifts faint terrain hits, and light centering once the wheel is off dead-ahead, above the wheel's own friction. Raise it on a belt-driven wheel (G923) until faint bumps just move the wheel. A parked wheel stays limp, and damping is unaffected.",""
"TelemetryFfb_SpringEssentialsTheSmallestForceYour","src/TrueforceForAll.Plugin/SettingsControl.xaml","2980","SpringEssentialsPanel/TextBlock[2]","Text","The smallest force your wheel actually plays here: lifts faint terrain hits, and light centering once the wheel is off dead-ahead, above the wheel's own friction. Raise it on a belt-driven wheel (G923) until faint bumps just move the wheel. A parked wheel stays limp, and damping is unaffected.","","","",""
"TelemetryFfb_IRacingPeakForceRowCarSPeakForce","src/TrueforceForAll.Plugin/SettingsControl.xaml","3000","IRacingPeakForceRow/TextBlock[1]","Text","Car's peak force:","","IRacingMaxNmDownBtn IRacingMaxNmBox IRacingMaxNmUpBtn IRacingMaxNmText IRacingAutoMaxForceBtn","Nudge it down to make this car feel heavier, up to make it lighter.","The peak steering force this car itself produces, in Nm. Not your wheel's rating: it is the car's number, scaled to fit inside your Strength setting. Lower it and this car leans harder on the wheel; raise it and this car feels lighter."
"TelemetryFfb_IRacingPeakForceRowCarSPeakForce_Tip","src/TrueforceForAll.Plugin/SettingsControl.xaml","3001","IRacingPeakForceRow/TextBlock[1]","ToolTip","The peak steering force this car itself produces, in Nm. Not your wheel's rating: it is the car's number, scaled to fit inside your Strength setting. Lower it and this car leans harder on the wheel; raise it and this car feels lighter.","","IRacingMaxNmDownBtn IRacingMaxNmBox IRacingMaxNmUpBtn IRacingMaxNmText IRacingAutoMaxForceBtn","Nudge it down to make this car feel heavier, up to make it lighter.",""
"TelemetryFfb_IRacingMaxNmDown_Tip","src/TrueforceForAll.Plugin/SettingsControl.xaml","3004","IRacingMaxNmDownBtn","ToolTip","Lower this car's peak force a step, so it leans harder on the wheel.","","IRacingMaxNmBox IRacingMaxNmUpBtn IRacingMaxNmText IRacingAutoMaxForceBtn","Nudge it down to make this car feel heavier, up to make it lighter.",""
"TelemetryFfb_IRacingMaxNm_Tip","src/TrueforceForAll.Plugin/SettingsControl.xaml","3006","IRacingMaxNmBox","ToolTip","The peak steering force this car itself produces, in Nm. Not your wheel's rating: it is the car's number, scaled to fit inside your Strength setting. Lower it and this car leans harder on the wheel; raise it and this car feels lighter.","","IRacingMaxNmDownBtn IRacingMaxNmUpBtn IRacingMaxNmText IRacingAutoMaxForceBtn","Nudge it down to make this car feel heavier, up to make it lighter.",""
"TelemetryFfb_IRacingMaxNmUp_Tip","src/TrueforceForAll.Plugin/SettingsControl.xaml","3010","IRacingMaxNmUpBtn","ToolTip","Raise this car's peak force a step, so it feels lighter.","","IRacingMaxNmDownBtn IRacingMaxNmBox IRacingMaxNmText IRacingAutoMaxForceBtn","Nudge it down to make this car feel heavier, up to make it lighter.",""
"TelemetryFfb_IRacingAutoMaxForce","src/TrueforceForAll.Plugin/SettingsControl.xaml","3016","IRacingAutoMaxForceBtn","Content","Auto","code-assigned: IRacingAutoMaxForceBtn.Content","IRacingMaxNmDownBtn IRacingMaxNmBox IRacingMaxNmUpBtn IRacingMaxNmText","Nudge it down to make this car feel heavier, up to make it lighter.","The number on this button is what the plugin has watched this car produce, plus a margin. Drive a clean lap, then press it to take that number and start watching again from scratch. It stays greyed until the reading has held steady. Same idea as iRacing's own auto button."
"TelemetryFfb_IRacingAutoMaxForce_Tip","src/TrueforceForAll.Plugin/SettingsControl.xaml","3018","IRacingAutoMaxForceBtn","ToolTip","The number on this button is what the plugin has watched this car produce, plus a margin. Drive a clean lap, then press it to take that number and start watching again from scratch. It stays greyed until the reading has held steady. Same idea as iRacing's own auto button.","","IRacingMaxNmDownBtn IRacingMaxNmBox IRacingMaxNmUpBtn IRacingMaxNmText","Nudge it down to make this car feel heavier, up to make it lighter.",""
"TelemetryFfb_IRacingPeakForce","src/TrueforceForAll.Plugin/SettingsControl.xaml","3021","IRacingPeakForceHelp","Text","Nudge it down to make this car feel heavier, up to make it lighter.","","IRacingPeakForceRow R3EAutoStrengthRow R3EAutoStrengthHelp IRacingAutoMaxForceStatus IRacingClipWarn","",""
"TelemetryFfb_R3EAutoStrengthRowCarSMax","src/TrueforceForAll.Plugin/SettingsControl.xaml","3028","R3EAutoStrengthRow/TextBlock[1]","Text","Car's max:","","R3EMaxDownBtn R3EMaxBox R3EMaxUpBtn R3EAutoStrengthStatus R3EApplyStrengthBtn","Nudge it down to make this car feel heavier, up to make it lighter. Or drive and press Apply to set it from what the car pushes. Use Strength below for overall weight.","The force level this car peaks at, on a 0 to 1 scale. Lower it to make this car lean harder on the wheel; raise it to make it lighter. Apply fills it from what the plugin has watched this car push."
"TelemetryFfb_R3EAutoStrengthRowCarSMax_Tip","src/TrueforceForAll.Plugin/SettingsControl.xaml","3029","R3EAutoStrengthRow/TextBlock[1]","ToolTip","The force level this car peaks at, on a 0 to 1 scale. Lower it to make this car lean harder on the wheel; raise it to make it lighter. Apply fills it from what the plugin has watched this car push.","","R3EMaxDownBtn R3EMaxBox R3EMaxUpBtn R3EAutoStrengthStatus R3EApplyStrengthBtn","Nudge it down to make this car feel heavier, up to make it lighter. Or drive and press Apply to set it from what the car pushes. Use Strength below for overall weight.",""
"TelemetryFfb_R3EMaxDown_Tip","src/TrueforceForAll.Plugin/SettingsControl.xaml","3032","R3EMaxDownBtn","ToolTip","Lower this car's max a step, so it leans harder on the wheel.","","R3EMaxBox R3EMaxUpBtn R3EAutoStrengthStatus R3EApplyStrengthBtn","Nudge it down to make this car feel heavier, up to make it lighter. Or drive and press Apply to set it from what the car pushes. Use Strength below for overall weight.",""
"TelemetryFfb_R3EMax_Tip","src/TrueforceForAll.Plugin/SettingsControl.xaml","3034","R3EMaxBox","ToolTip","The force level this car peaks at, on a 0 to 1 scale. Lower it to make this car lean harder on the wheel; raise it to make it lighter.","","R3EMaxDownBtn R3EMaxUpBtn R3EAutoStrengthStatus R3EApplyStrengthBtn","Nudge it down to make this car feel heavier, up to make it lighter. Or drive and press Apply to set it from what the car pushes. Use Strength below for overall weight.",""
"TelemetryFfb_R3EMaxUp_Tip","src/TrueforceForAll.Plugin/SettingsControl.xaml","3038","R3EMaxUpBtn","ToolTip","Raise this car's max a step, so it feels lighter.","","R3EMaxDownBtn R3EMaxBox R3EAutoStrengthStatus R3EApplyStrengthBtn","Nudge it down to make this car feel heavier, up to make it lighter. Or drive and press Apply to set it from what the car pushes. Use Strength below for overall weight.",""
"Common_Apply","src/TrueforceForAll.Plugin/SettingsControl.xaml","3040","R3EApplyStrengthBtn","Content","Apply","code-assigned: R3EApplyStrengthBtn.Content","R3EMaxDownBtn R3EMaxBox R3EMaxUpBtn R3EAutoStrengthStatus","Nudge it down to make this car feel heavier, up to make it lighter. Or drive and press Apply to set it from what the car pushes. Use Strength below for overall weight.","Take what the plugin has watched this car push and use it as the car's max. The number on the button is that value. Greyed until the reading has held steady."
"TelemetryFfb_R3EApplyStrength_Tip","src/TrueforceForAll.Plugin/SettingsControl.xaml","3042","R3EApplyStrengthBtn","ToolTip","Take what the plugin has watched this car push and use it as the car's max. The number on the button is that value. Greyed until the reading has held steady.","","R3EMaxDownBtn R3EMaxBox R3EMaxUpBtn R3EAutoStrengthStatus","Nudge it down to make this car feel heavier, up to make it lighter. Or drive and press Apply to set it from what the car pushes. Use Strength below for overall weight.",""
"TelemetryFfb_R3EAutoStrength","src/TrueforceForAll.Plugin/SettingsControl.xaml","3045","R3EAutoStrengthHelp","Text","Nudge it down to make this car feel heavier, up to make it lighter. Or drive and press Apply to set it from what the car pushes. Use Strength below for overall weight.","","IRacingPeakForceRow IRacingPeakForceHelp R3EAutoStrengthRow IRacingAutoMaxForceStatus IRacingClipWarn","",""
"TelemetryFfb_IRacingTuningStrength","src/TrueforceForAll.Plugin/SettingsControl.xaml","3050","IRacingTuningPanel/Grid[3]/TextBlock[1]","Text","Strength:","","IRacingGainSlider","","How strong the WHEEL should be. Your overall preference, roughly a percentage of the wheel's total power. It applies to every car; tune an individual car with its peak force instead."
"TelemetryFfb_IRacingTuningStrength_Tip","src/TrueforceForAll.Plugin/SettingsControl.xaml","3051","IRacingTuningPanel/Grid[3]/TextBlock[1]","ToolTip","How strong the WHEEL should be. Your overall preference, roughly a percentage of the wheel's total power. It applies to every car; tune an individual car with its peak force instead.","","IRacingGainSlider","",""
"TelemetryFfb_IRacingGain_Tip","src/TrueforceForAll.Plugin/SettingsControl.xaml","3053","IRacingGainSlider","ToolTip","How strong the WHEEL should be. Your overall preference, roughly a percentage of the wheel's total power. It applies to every car; tune an individual car with its peak force instead.","","","",""
"TelemetryFfb_IRacingClipWarn","src/TrueforceForAll.Plugin/SettingsControl.xaml","3059","IRacingClipWarn","Text","Above this the strongest moments will clip: Auto leaves about 10 percent spare, and past that the top of big corners flattens off instead of building. Fine if you like it, but detail is lost where the car is working hardest.","","IRacingPeakForceRow IRacingPeakForceHelp R3EAutoStrengthRow R3EAutoStrengthHelp IRacingAutoMaxForceStatus","The only force control you should need day to day. 1.00 delivers what the sim asked for. Raise it if the wheel feels light, lower it if it clips.",""
"TelemetryFfb_IRacingTuningTheOnlyForceControl","src/TrueforceForAll.Plugin/SettingsControl.xaml","3061","IRacingTuningPanel/TextBlock[5]","Text","The only force control you should need day to day. 1.00 delivers what the sim asked for. Raise it if the wheel feels light, lower it if it clips.","","IRacingPeakForceRow IRacingPeakForceHelp R3EAutoStrengthRow R3EAutoStrengthHelp IRacingAutoMaxForceStatus IRacingClipWarn","",""
"TelemetryFfb_ModeBDamperRowDamping","src/TrueforceForAll.Plugin/SettingsControl.xaml","3075","ModeBDamperRow/TextBlock[1]","Text","Damping:","","ModeBDamperSlider","Resistance to wheel motion. The heavy, planted feel that is not grip force.",""
"TelemetryFfb_ModeBDamper","src/TrueforceForAll.Plugin/SettingsControl.xaml","3080","ModeBDamperHelp","Text","Resistance to wheel motion. The heavy, planted feel that is not grip force.","","ModeBIntroText ModeBIntroLink ModeBContentionWarning ModeBSlipStarvedWarning ModeBEnabledCheck ModeBGameNote ModeBForzaTuningPanel SpringEssentialsPanel IRacingTuningPanel ModeBDamperRow IRacingKerbExpander IRacingSoftLockExpander SpringTerrainPanel ModeBForzaTuningPanel2 FfbPassthroughExpanderSection R3EStationaryDamperExpander StationarySpringExpander SpikeReductionExpanderSection IRacingAdvancedExpander WheelLightsBlock WheelScreenBlock","",""
"TelemetryFfb_ModeBSupportedSmoothingMs","src/TrueforceForAll.Plugin/SettingsControl.xaml","3089","ModeBSupportedPanel/Grid[3]/TextBlock[1]","Text","Smoothing (ms):","","FfbSmoothSlider","Leave smoothing at 0 unless the wheel feels notchy or grainy.","Smooths the force before it reaches the wheel. Higher = smoother feel but more lag; lower = tighter response. 0 = none, the default."
"TelemetryFfb_ModeBSupportedSmoothingMs_Tip","src/TrueforceForAll.Plugin/SettingsControl.xaml","3090","ModeBSupportedPanel/Grid[3]/TextBlock[1]","ToolTip","Smooths the force before it reaches the wheel. Higher = smoother feel but more lag; lower = tighter response. 0 = none, the default.","","FfbSmoothSlider","Leave smoothing at 0 unless the wheel feels notchy or grainy.",""
"TelemetryFfb_FfbSmooth_Tip","src/TrueforceForAll.Plugin/SettingsControl.xaml","3094","FfbSmoothSlider","ToolTip","Smooths the force before it reaches the wheel. Higher = smoother feel but more lag; lower = tighter response. 0 = none, the default.","","","Leave smoothing at 0 unless the wheel feels notchy or grainy.",""
"TelemetryFfb_ModeBSupportedLeaveSmoothingAt0","src/TrueforceForAll.Plugin/SettingsControl.xaml","3098","ModeBSupportedPanel/TextBlock[6]","Text","Leave smoothing at 0 unless the wheel feels notchy or grainy.","","ModeBIntroText ModeBIntroLink ModeBContentionWarning ModeBSlipStarvedWarning ModeBEnabledCheck ModeBGameNote ModeBForzaTuningPanel SpringEssentialsPanel IRacingTuningPanel ModeBDamperRow ModeBDamperHelp IRacingKerbExpander IRacingSoftLockExpander SpringTerrainPanel ModeBForzaTuningPanel2 FfbPassthroughExpanderSection R3EStationaryDamperExpander StationarySpringExpander SpikeReductionExpanderSection IRacingAdvancedExpander WheelLightsBlock WheelScreenBlock","",""
"Common_SaveEllipsis","src/TrueforceForAll.Plugin/SettingsControl.xaml","3105","MasterSaveBtn","Content","Save…","","MasterRevertBtn","",""
"TelemetryFfb_IRacingKerb","src/TrueforceForAll.Plugin/SettingsControl.xaml","3119","IRacingKerbCheck","Content","Curb strike softening","","","","Softens the jolt of a curb strike and the buzz of a rumble strip, and leaves everything else alone. The sim reports each wheel's suspension speed six times a frame and says when the car is on a strip; the torque samples from those instants are eased toward the cornering load."
"TelemetryFfb_IRacingKerb_Tip","src/TrueforceForAll.Plugin/SettingsControl.xaml","3122","IRacingKerbCheck","ToolTip","Softens the jolt of a curb strike and the buzz of a rumble strip, and leaves everything else alone. The sim reports each wheel's suspension speed six times a frame and says when the car is on a strip; the torque samples from those instants are eased toward the cornering load.","collision: 2 rows propose TelemetryFfb_IRacingKerb_Tip","","",""
"TelemetryFfb_IRacingKerbEasesTheJoltOfACurb","src/TrueforceForAll.Plugin/SettingsControl.xaml","3126","IRacingKerbExpander/StackPanel[1]/TextBlock[1]","Text","Eases the jolt of a curb strike and the buzz of a rumble strip. Off the curb, nothing changes.","","","",""
"TelemetryFfb_IRacingKerbSoftening","src/TrueforceForAll.Plugin/SettingsControl.xaml","3129","IRacingKerbExpander/StackPanel[1]/Grid[1]/TextBlock[1]","Text","Softening:","","IRacingKerbSlider","How much of the strike is taken out. 0.60 keeps the hit but takes the sting off it.","How much of the strike is taken out. 0 leaves it as the sim sent it; 1 flattens it to the cornering load."
"TelemetryFfb_IRacingKerbSoftening_Tip","src/TrueforceForAll.Plugin/SettingsControl.xaml","3130","IRacingKerbExpander/StackPanel[1]/Grid[1]/TextBlock[1]","ToolTip","How much of the strike is taken out. 0 leaves it as the sim sent it; 1 flattens it to the cornering load.","","IRacingKerbSlider","How much of the strike is taken out. 0.60 keeps the hit but takes the sting off it.",""
"TelemetryFfb_IRacingKerbAmount_Tip","src/TrueforceForAll.Plugin/SettingsControl.xaml","3132","IRacingKerbSlider","ToolTip","How much of the strike is taken out. 0 leaves it as the sim sent it; 1 flattens it to the cornering load.","collision: 2 rows propose TelemetryFfb_IRacingKerb_Tip","","How much of the strike is taken out. 0.60 keeps the hit but takes the sting off it.",""
"TelemetryFfb_IRacingKerbHowMuchOfTheStrike","src/TrueforceForAll.Plugin/SettingsControl.xaml","3137","IRacingKerbExpander/StackPanel[1]/TextBlock[2]","Text","How much of the strike is taken out. 0.60 keeps the hit but takes the sting off it.","","","",""
"TelemetryFfb_IRacingSoftLock","src/TrueforceForAll.Plugin/SettingsControl.xaml","3149","IRacingSoftLockCheck","Content","Soft lock","","","","Stops the wheel where the car's steering stops. The sim normally does this through its own force feedback, which is off while the plugin carries the force, so the plugin renders the stop itself from the sim's steering position and lock."
"TelemetryFfb_IRacingSoftLock_Tip","src/TrueforceForAll.Plugin/SettingsControl.xaml","3152","IRacingSoftLockCheck","ToolTip","Stops the wheel where the car's steering stops. The sim normally does this through its own force feedback, which is off while the plugin carries the force, so the plugin renders the stop itself from the sim's steering position and lock.","collision: 2 rows propose TelemetryFfb_IRacingSoftLock_Tip","","",""
"TelemetryFfb_IRacingSoftLockStopsTheWheelWhere","src/TrueforceForAll.Plugin/SettingsControl.xaml","3156","IRacingSoftLockExpander/StackPanel[1]/TextBlock[1]","Text","Stops the wheel where the car's steering stops.","","","",""
"TelemetryFfb_IRacingSoftLockStopStrength","src/TrueforceForAll.Plugin/SettingsControl.xaml","3159","IRacingSoftLockExpander/StackPanel[1]/Grid[1]/TextBlock[1]","Text","Stop strength:","","IRacingSoftLockSlider","How hard the stop pushes back. 1.00 is the wheel's full force.","How hard the stop pushes back, as a share of the wheel's full force. 1.00 is a wall; lower lets a determined push through."
"TelemetryFfb_IRacingSoftLockStopStrength_Tip","src/TrueforceForAll.Plugin/SettingsControl.xaml","3160","IRacingSoftLockExpander/StackPanel[1]/Grid[1]/TextBlock[1]","ToolTip","How hard the stop pushes back, as a share of the wheel's full force. 1.00 is a wall; lower lets a determined push through.","","IRacingSoftLockSlider","How hard the stop pushes back. 1.00 is the wheel's full force.",""
"TelemetryFfb_IRacingSoftLockStrength_Tip","src/TrueforceForAll.Plugin/SettingsControl.xaml","3162","IRacingSoftLockSlider","ToolTip","How hard the stop pushes back, as a share of the wheel's full force. 1.00 is a wall; lower lets a determined push through.","collision: 2 rows propose TelemetryFfb_IRacingSoftLock_Tip","","How hard the stop pushes back. 1.00 is the wheel's full force.",""
"TelemetryFfb_IRacingSoftLockHowHardTheStopPushes","src/TrueforceForAll.Plugin/SettingsControl.xaml","3167","IRacingSoftLockExpander/StackPanel[1]/TextBlock[2]","Text","How hard the stop pushes back. 1.00 is the wheel's full force.","","","",""
"TelemetryFfb_SpringTerrain","src/TrueforceForAll.Plugin/SettingsControl.xaml","3175","SpringTerrainCheck","Content","Terrain feel","","SpringDragCheck SpringWeightCheck","Bumps and ground texture reach the wheel as steering force. Needs the TF4ALL Enhanced Telemetry mod in the game (the plugin offers to install it).","On by default. Field texture, ruts, and edges reach the wheel as steering force, not just the spring's centering."
"TelemetryFfb_SpringTerrain_Tip","src/TrueforceForAll.Plugin/SettingsControl.xaml","3177","SpringTerrainCheck","ToolTip","On by default. Field texture, ruts, and edges reach the wheel as steering force, not just the spring's centering.","","SpringDragCheck SpringWeightCheck","Bumps and ground texture reach the wheel as steering force. Needs the TF4ALL Enhanced Telemetry mod in the game (the plugin offers to install it).",""
"TelemetryFfb_SpringTerrainBumpsAndGroundTexture","src/TrueforceForAll.Plugin/SettingsControl.xaml","3179","SpringTerrainPanel/TextBlock[1]","Text","Bumps and ground texture reach the wheel as steering force. Needs the TF4ALL Enhanced Telemetry mod in the game (the plugin offers to install it).","","SpringTerrainCheck SpringDragCheck SpringWeightCheck","",""
"TelemetryFfb_SpringTerrainStrength","src/TrueforceForAll.Plugin/SettingsControl.xaml","3182","SpringTerrainPanel/Grid[1]/TextBlock[1]","Text","Terrain strength:","","SpringTerrainStrengthSlider","How hard the ground hits back.",""
"TelemetryFfb_SpringTerrainHowHardTheGround","src/TrueforceForAll.Plugin/SettingsControl.xaml","3187","SpringTerrainPanel/TextBlock[2]","Text","How hard the ground hits back.","","SpringTerrainCheck SpringDragCheck SpringWeightCheck","",""
"TelemetryFfb_SpringTerrainCentering","src/TrueforceForAll.Plugin/SettingsControl.xaml","3191","SpringTerrainPanel/Grid[2]/TextBlock[1]","Text","Centering:","","SpringCenterGainSlider","The pull back to center.",""
"TelemetryFfb_SpringCenterGain_Tip","src/TrueforceForAll.Plugin/SettingsControl.xaml","3194","SpringCenterGainSlider","ToolTip","0 turns the spring off entirely, so you can feel what remains (terrain, damping, effects).","","","The pull back to center.",""
"TelemetryFfb_SpringTerrainThePullBackToCenter","src/TrueforceForAll.Plugin/SettingsControl.xaml","3197","SpringTerrainPanel/TextBlock[3]","Text","The pull back to center.","","SpringTerrainCheck SpringDragCheck SpringWeightCheck","",""
"TelemetryFfb_SpringTerrainCenterFirmness","src/TrueforceForAll.Plugin/SettingsControl.xaml","3201","SpringTerrainPanel/Grid[3]/TextBlock[1]","Text","Center firmness:","","SpringCenterFirmSlider","How solid the wheel feels right at center. Higher = crisper straight-line feel without heavier edges.",""
"TelemetryFfb_SpringTerrainHowSolidTheWheel","src/TrueforceForAll.Plugin/SettingsControl.xaml","3206","SpringTerrainPanel/TextBlock[4]","Text","How solid the wheel feels right at center. Higher = crisper straight-line feel without heavier edges.","","SpringTerrainCheck SpringDragCheck SpringWeightCheck","",""
"TelemetryFfb_SpringTerrainSpeedEffect","src/TrueforceForAll.Plugin/SettingsControl.xaml","3210","SpringTerrainPanel/Grid[4]/TextBlock[1]","Text","Speed effect:","","SpringSpeedFxSlider","How much speed strengthens the centering. 0 = the same at every speed; 1 = fully speed-scaled with a limp standstill.",""
"TelemetryFfb_SpringTerrainHowMuchSpeedStrengthens","src/TrueforceForAll.Plugin/SettingsControl.xaml","3215","SpringTerrainPanel/TextBlock[5]","Text","How much speed strengthens the centering. 0 = the same at every speed; 1 = fully speed-scaled with a limp standstill.","","SpringTerrainCheck SpringDragCheck SpringWeightCheck","",""
"TelemetryFfb_SpringDrag","src/TrueforceForAll.Plugin/SettingsControl.xaml","3217","SpringDragCheck","Content","Implement drag","","SpringTerrainCheck SpringWeightCheck","","The steering grows heavier while your equipment is actually working the ground, a plow at depth pulls the wheel down, an empty run stays light. Plain engine strain (hard throttle, hills, hauling) adds a smaller touch of the same weight."
"TelemetryFfb_SpringDrag_Tip","src/TrueforceForAll.Plugin/SettingsControl.xaml","3219","SpringDragCheck","ToolTip","The steering grows heavier while your equipment is actually working the ground, a plow at depth pulls the wheel down, an empty run stays light. Plain engine strain (hard throttle, hills, hauling) adds a smaller touch of the same weight.","","SpringTerrainCheck SpringWeightCheck","",""
"TelemetryFfb_SpringTerrainDragAmount","src/TrueforceForAll.Plugin/SettingsControl.xaml","3222","SpringTerrainPanel/Grid[5]/TextBlock[1]","Text","Drag amount:","","SpringDragGainSlider","How much working equipment weighs the wheel.",""
"TelemetryFfb_SpringTerrainHowMuchWorkingEquipment","src/TrueforceForAll.Plugin/SettingsControl.xaml","3227","SpringTerrainPanel/TextBlock[6]","Text","How much working equipment weighs the wheel.","","SpringTerrainCheck SpringDragCheck SpringWeightCheck","",""
"TelemetryFfb_SpringTerrainEngineStrain","src/TrueforceForAll.Plugin/SettingsControl.xaml","3230","SpringTerrainPanel/Grid[6]/TextBlock[1]","Text","Engine strain:","","SpringDragStrainSlider","How much of that weight plain engine strain applies with nothing working: hard throttle, hills, heavy hauling. 0 = implements only, 1 = strain counts in full.",""
"TelemetryFfb_SpringTerrainHowMuchOfThatWeight","src/TrueforceForAll.Plugin/SettingsControl.xaml","3235","SpringTerrainPanel/TextBlock[7]","Text","How much of that weight plain engine strain applies with nothing working: hard throttle, hills, heavy hauling. 0 = implements only, 1 = strain counts in full.","","SpringTerrainCheck SpringDragCheck SpringWeightCheck","",""
"TelemetryFfb_SpringWeight","src/TrueforceForAll.Plugin/SettingsControl.xaml","3237","SpringWeightCheck","Content","Cornering weight","","SpringTerrainCheck SpringDragCheck","","The wheel loads up through turns based on how hard the vehicle is actually yawing. Most noticeable at road speeds."
"TelemetryFfb_SpringWeight_Tip","src/TrueforceForAll.Plugin/SettingsControl.xaml","3239","SpringWeightCheck","ToolTip","The wheel loads up through turns based on how hard the vehicle is actually yawing. Most noticeable at road speeds.","","SpringTerrainCheck SpringDragCheck","",""
"TelemetryFfb_SpringTerrainWeightAmount","src/TrueforceForAll.Plugin/SettingsControl.xaml","3242","SpringTerrainPanel/Grid[7]/TextBlock[1]","Text","Weight amount:","","SpringWeightGainSlider","How much cornering load weighs the wheel.",""
"TelemetryFfb_SpringTerrainHowMuchCorneringLoad","src/TrueforceForAll.Plugin/SettingsControl.xaml","3247","SpringTerrainPanel/TextBlock[8]","Text","How much cornering load weighs the wheel.","","SpringTerrainCheck SpringDragCheck SpringWeightCheck","",""
"TelemetryFfb_ModeBForzaTuningPanel2Centering","src/TrueforceForAll.Plugin/SettingsControl.xaml","3254","ModeBForzaTuningPanel2/Grid[1]/TextBlock[1]","Text","Centering:","","ModeBCenterSlider","Caster-style pull toward straight, scaled up with speed (a parked wheel stays free).",""
"TelemetryFfb_ModeBCenter_Tip","src/TrueforceForAll.Plugin/SettingsControl.xaml","3257","ModeBCenterSlider","ToolTip","Follows the wheel's own position, so a released wheel settles into center instead of swinging past.","","","Caster-style pull toward straight, scaled up with speed (a parked wheel stays free).",""
"TelemetryFfb_ModeBForzaTuningPanel2CasterStylePullToward","src/TrueforceForAll.Plugin/SettingsControl.xaml","3260","ModeBForzaTuningPanel2/TextBlock[1]","Text","Caster-style pull toward straight, scaled up with speed (a parked wheel stays free).","","ModeBSuspLoadCheck ModeBEarlyPeakCheck ModeBRoadKickCheck","",""
"TelemetryFfb_ModeBForzaTuningPanel2LookAheadMs","src/TrueforceForAll.Plugin/SettingsControl.xaml","3263","ModeBForzaTuningPanel2/Grid[2]/TextBlock[1]","Text","Look-ahead (ms):","","ModeBCenterLeadSlider","How far ahead of the wheel's motion the centering aims. Raise if a released wheel overshoots center; lower if centering feels nervous.",""
"TelemetryFfb_ModeBForzaTuningPanel2HowFarAheadOfThe","src/TrueforceForAll.Plugin/SettingsControl.xaml","3268","ModeBForzaTuningPanel2/TextBlock[2]","Text","How far ahead of the wheel's motion the centering aims. Raise if a released wheel overshoots center; lower if centering feels nervous.","","ModeBSuspLoadCheck ModeBEarlyPeakCheck ModeBRoadKickCheck","",""
"TelemetryFfb_ModeBSuspLoad","src/TrueforceForAll.Plugin/SettingsControl.xaml","3270","ModeBSuspLoadCheck","Content","Suspension load","","ModeBEarlyPeakCheck ModeBRoadKickCheck","Steering weight breathes with real front-axle load: braking dive loads up, crests go light.",""
"TelemetryFfb_ModeBForzaTuningPanel2SteeringWeightBreathesWith","src/TrueforceForAll.Plugin/SettingsControl.xaml","3272","ModeBForzaTuningPanel2/TextBlock[3]","Text","Steering weight breathes with real front-axle load: braking dive loads up, crests go light.","","ModeBSuspLoadCheck ModeBEarlyPeakCheck ModeBRoadKickCheck","",""
"TelemetryFfb_ModeBEarlyPeak","src/TrueforceForAll.Plugin/SettingsControl.xaml","3273","ModeBEarlyPeakCheck","Content","Early torque peak","","ModeBSuspLoadCheck ModeBRoadKickCheck","Steering weight tops out just before the grip limit and holds, like a real tire; the plateau is your approach warning.",""
"TelemetryFfb_ModeBForzaTuningPanel2SteeringWeightTopsOut","src/TrueforceForAll.Plugin/SettingsControl.xaml","3275","ModeBForzaTuningPanel2/TextBlock[4]","Text","Steering weight tops out just before the grip limit and holds, like a real tire; the plateau is your approach warning.","","ModeBSuspLoadCheck ModeBEarlyPeakCheck ModeBRoadKickCheck","",""
"TelemetryFfb_ModeBRoadKick","src/TrueforceForAll.Plugin/SettingsControl.xaml","3276","ModeBRoadKickCheck","Content","Road kick (one-wheel bumps)","","ModeBSuspLoadCheck ModeBEarlyPeakCheck","One front wheel hitting a bump or curb kicks the rim the way a real rack does; both wheels together cancel.",""
"TelemetryFfb_ModeBForzaTuningPanel2OneFrontWheelHitting","src/TrueforceForAll.Plugin/SettingsControl.xaml","3278","ModeBForzaTuningPanel2/TextBlock[5]","Text","One front wheel hitting a bump or curb kicks the rim the way a real rack does; both wheels together cancel.","","ModeBSuspLoadCheck ModeBEarlyPeakCheck ModeBRoadKickCheck","",""
"TelemetryFfb_ModeBForzaTuningPanel2RoadKickStrength","src/TrueforceForAll.Plugin/SettingsControl.xaml","3281","ModeBForzaTuningPanel2/Grid[3]/TextBlock[1]","Text","Road kick strength:","","ModeBRoadKickGainSlider","",""
"TelemetryFfb_ModeBForzaTuningPanel2SlidesAndDrifting","src/TrueforceForAll.Plugin/SettingsControl.xaml","3289","ModeBForzaTuningPanel2/Expander[1]/Expander.Header[1]/TextBlock[1]","Text","Slides and Drifting","","","",""
"TelemetryFfb_ModeBForzaTuningPanel2SlideLightness","src/TrueforceForAll.Plugin/SettingsControl.xaml","3294","ModeBForzaTuningPanel2/Expander[1]/StackPanel[1]/Grid[1]/TextBlock[1]","Text","Slide lightness:","","ModeBFloorSlider","Torque left once the front has fully let go. Lower = a more dramatic gone-light cue.",""
"TelemetryFfb_ModeBForzaTuningPanel2TorqueLeftOnceThe","src/TrueforceForAll.Plugin/SettingsControl.xaml","3299","ModeBForzaTuningPanel2/Expander[1]/StackPanel[1]/TextBlock[1]","Text","Torque left once the front has fully let go. Lower = a more dramatic gone-light cue.","","ModeBReversalDampCheck ModeBPhaseLeadCheck","",""
"TelemetryFfb_ModeBReversalDamp","src/TrueforceForAll.Plugin/SettingsControl.xaml","3301","ModeBReversalDampCheck","Content","Reversal damping","","ModeBPhaseLeadCheck","Softens the wheel as you catch a slide back through center, so the moment the force switches sides stops snapping and feeling unstable. Digging deeper into a drift keeps its full weight.",""
"TelemetryFfb_ModeBForzaTuningPanel2SoftensTheWheelAs","src/TrueforceForAll.Plugin/SettingsControl.xaml","3303","ModeBForzaTuningPanel2/Expander[1]/StackPanel[1]/TextBlock[2]","Text","Softens the wheel as you catch a slide back through center, so the moment the force switches sides stops snapping and feeling unstable. Digging deeper into a drift keeps its full weight.","","ModeBReversalDampCheck ModeBPhaseLeadCheck","",""
"TelemetryFfb_ModeBForzaTuningPanel2ReversalStrength","src/TrueforceForAll.Plugin/SettingsControl.xaml","3306","ModeBForzaTuningPanel2/Expander[1]/StackPanel[1]/Grid[2]/TextBlock[1]","Text","Reversal strength:","","ModeBReversalGainSlider","",""
"TelemetryFfb_ModeBPhaseLead","src/TrueforceForAll.Plugin/SettingsControl.xaml","3312","ModeBPhaseLeadCheck","Content","Anticipation","","ModeBReversalDampCheck","A released wheel settles instead of oscillating, because the force is led slightly ahead of the wheel to cancel telemetry lag.",""
"TelemetryFfb_ModeBForzaTuningPanel2AReleasedWheelSettles","src/TrueforceForAll.Plugin/SettingsControl.xaml","3314","ModeBForzaTuningPanel2/Expander[1]/StackPanel[1]/TextBlock[3]","Text","A released wheel settles instead of oscillating, because the force is led slightly ahead of the wheel to cancel telemetry lag.","","ModeBReversalDampCheck ModeBPhaseLeadCheck","",""
"TelemetryFfb_ModeBForzaTuningPanel2LeadMs","src/TrueforceForAll.Plugin/SettingsControl.xaml","3317","ModeBForzaTuningPanel2/Expander[1]/StackPanel[1]/Grid[3]/TextBlock[1]","Text","Lead (ms):","","ModeBPhaseLeadSlider","","Raise the lead only until a released wheel stops ringing; too much adds nervousness on fast transitions."
"TelemetryFfb_ModeBForzaTuningPanel2LeadMs_Tip","src/TrueforceForAll.Plugin/SettingsControl.xaml","3318","ModeBForzaTuningPanel2/Expander[1]/StackPanel[1]/Grid[3]/TextBlock[1]","ToolTip","Raise the lead only until a released wheel stops ringing; too much adds nervousness on fast transitions.","","ModeBPhaseLeadSlider","",""
"TelemetryFfb_ModeBForzaTuningPanel2Braking","src/TrueforceForAll.Plugin/SettingsControl.xaml","3328","ModeBForzaTuningPanel2/Expander[2]/Expander.Header[1]/TextBlock[1]","Text","Braking","","","",""
"TelemetryFfb_ModeBGripCal","src/TrueforceForAll.Plugin/SettingsControl.xaml","3331","ModeBGripCalCheck","Content","Adaptive grip & braking feel","","ModeBGripLimitRow","The wheel lightens at each car's real grip limit, learned as you drive (about a lap of pushing). Off = a fixed manual grip limit (the slider below).","Shapes both the grip limit and the braking fade to each car's measured grip as you brake or slide, instead of one fixed point. Off also restores the classic lockup fade."
"TelemetryFfb_ModeBGripCal_Tip","src/TrueforceForAll.Plugin/SettingsControl.xaml","3332","ModeBGripCalCheck","ToolTip","Shapes both the grip limit and the braking fade to each car's measured grip as you brake or slide, instead of one fixed point. Off also restores the classic lockup fade.","","ModeBGripLimitRow","The wheel lightens at each car's real grip limit, learned as you drive (about a lap of pushing). Off = a fixed manual grip limit (the slider below).",""
"TelemetryFfb_ModeBForzaTuningPanel2TheWheelLightensAt","src/TrueforceForAll.Plugin/SettingsControl.xaml","3334","ModeBForzaTuningPanel2/Expander[2]/StackPanel[1]/TextBlock[1]","Text","The wheel lightens at each car's real grip limit, learned as you drive (about a lap of pushing). Off = a fixed manual grip limit (the slider below).","","ModeBGripCalCheck ModeBGripLimitRow","",""
"TelemetryFfb_ModeBForzaTuningPanel2LockupRecoveryMs","src/TrueforceForAll.Plugin/SettingsControl.xaml","3338","ModeBForzaTuningPanel2/Expander[2]/StackPanel[1]/Grid[1]/TextBlock[1]","Text","Lockup recovery (ms):","","ModeBRecoverSlider","How quickly steering weight returns as the tires regain grip after a lockup or slide. Lower snaps back fast, higher hands the weight back gently.",""
"TelemetryFfb_ModeBForzaTuningPanel2HowQuicklySteeringWeight","src/TrueforceForAll.Plugin/SettingsControl.xaml","3343","ModeBForzaTuningPanel2/Expander[2]/StackPanel[1]/TextBlock[2]","Text","How quickly steering weight returns as the tires regain grip after a lockup or slide. Lower snaps back fast, higher hands the weight back gently.","","ModeBGripCalCheck ModeBGripLimitRow","",""
"TelemetryFfb_ModeBGripLimitRowGripLimit","src/TrueforceForAll.Plugin/SettingsControl.xaml","3351","ModeBGripLimitRow/Grid[1]/TextBlock[1]","Text","Grip limit:","","ModeBPeakSlider","Where the game's combined-slip metric counts as the grip limit (1.0 = Forza's own limit). Lower = the wheel peaks and washes out earlier.",""
"TelemetryFfb_ModeBGripLimitRowWhereTheGameSCombined","src/TrueforceForAll.Plugin/SettingsControl.xaml","3356","ModeBGripLimitRow/TextBlock[1]","Text","Where the game's combined-slip metric counts as the grip limit (1.0 = Forza's own limit). Lower = the wheel peaks and washes out earlier.","","","",""
"TelemetryFfb_ModeBForzaTuningPanel2Advanced","src/TrueforceForAll.Plugin/SettingsControl.xaml","3363","ModeBForzaTuningPanel2/Expander[3]/Expander.Header[1]/TextBlock[1]","Text","Advanced","","","",""
"TelemetryFfb_ModeBForzaTuningPanel2ForceShapingAndPlumbing","src/TrueforceForAll.Plugin/SettingsControl.xaml","3367","ModeBForzaTuningPanel2/Expander[3]/StackPanel[1]/TextBlock[1]","Text","Force shaping and plumbing. The defaults suit almost everyone.","","ModeBCompressorCheck ModeBLateralDemandCheck ModeBSignCheck","",""
"TelemetryFfb_ModeBForzaTuningPanel2WeightBuildup","src/TrueforceForAll.Plugin/SettingsControl.xaml","3371","ModeBForzaTuningPanel2/Expander[3]/StackPanel[1]/Grid[1]/TextBlock[1]","Text","Weight buildup:","","ModeBRiseSlider","How early weight arrives. Lower = heavier in normal cornering; 1.0 = force grows linearly to the limit.",""
"TelemetryFfb_ModeBForzaTuningPanel2HowEarlyWeightArrives","src/TrueforceForAll.Plugin/SettingsControl.xaml","3376","ModeBForzaTuningPanel2/Expander[3]/StackPanel[1]/TextBlock[2]","Text","How early weight arrives. Lower = heavier in normal cornering; 1.0 = force grows linearly to the limit.","","ModeBCompressorCheck ModeBLateralDemandCheck ModeBSignCheck","",""
"TelemetryFfb_ModeBForzaTuningPanel2SmoothingMs","src/TrueforceForAll.Plugin/SettingsControl.xaml","3380","ModeBForzaTuningPanel2/Expander[3]/StackPanel[1]/Grid[2]/TextBlock[1]","Text","Smoothing (ms):","","ModeBSmoothSlider","Input smoothing. Higher = calmer wheel, slightly laggier response.",""
"TelemetryFfb_ModeBForzaTuningPanel2InputSmoothingHigherCalmer","src/TrueforceForAll.Plugin/SettingsControl.xaml","3385","ModeBForzaTuningPanel2/Expander[3]/StackPanel[1]/TextBlock[3]","Text","Input smoothing. Higher = calmer wheel, slightly laggier response.","","ModeBCompressorCheck ModeBLateralDemandCheck ModeBSignCheck","",""
"TelemetryFfb_ModeBCompressor","src/TrueforceForAll.Plugin/SettingsControl.xaml","3387","ModeBCompressorCheck","Content","Force compressor","","ModeBLateralDemandCheck ModeBSignCheck","Soft ceiling on the steering force: stacked cornering weight and road kick compress into the top of the range instead of clipping flat.",""
"TelemetryFfb_ModeBForzaTuningPanel2SoftCeilingOnThe","src/TrueforceForAll.Plugin/SettingsControl.xaml","3389","ModeBForzaTuningPanel2/Expander[3]/StackPanel[1]/TextBlock[4]","Text","Soft ceiling on the steering force: stacked cornering weight and road kick compress into the top of the range instead of clipping flat.","","ModeBCompressorCheck ModeBLateralDemandCheck ModeBSignCheck","",""
"TelemetryFfb_ModeBLateralDemand","src/TrueforceForAll.Plugin/SettingsControl.xaml","3391","ModeBLateralDemandCheck","Content","Lateral-demand force","","ModeBCompressorCheck ModeBSignCheck","Braking in a straight line makes almost no force, so the wheel cannot start swinging left and right on its own. Cornering feel is unchanged.","Bases the steering force on cornering (lateral) grip instead of total grip."
"TelemetryFfb_ModeBLateralDemand_Tip","src/TrueforceForAll.Plugin/SettingsControl.xaml","3392","ModeBLateralDemandCheck","ToolTip","Bases the steering force on cornering (lateral) grip instead of total grip.","","ModeBCompressorCheck ModeBSignCheck","Braking in a straight line makes almost no force, so the wheel cannot start swinging left and right on its own. Cornering feel is unchanged.",""
"TelemetryFfb_ModeBForzaTuningPanel2BrakingInAStraight","src/TrueforceForAll.Plugin/SettingsControl.xaml","3394","ModeBForzaTuningPanel2/Expander[3]/StackPanel[1]/TextBlock[5]","Text","Braking in a straight line makes almost no force, so the wheel cannot start swinging left and right on its own. Cornering feel is unchanged.","","ModeBCompressorCheck ModeBLateralDemandCheck ModeBSignCheck","",""
"TelemetryFfb_ModeBSign","src/TrueforceForAll.Plugin/SettingsControl.xaml","3396","ModeBSignCheck","Content","Reverse force direction","","ModeBCompressorCheck ModeBLateralDemandCheck","Flip this if the wheel pulls INTO the slide instead of countering it.",""
"TelemetryFfb_ModeBForzaTuningPanel2FlipThisIfTheWheel","src/TrueforceForAll.Plugin/SettingsControl.xaml","3399","ModeBForzaTuningPanel2/Expander[3]/StackPanel[1]/TextBlock[6]","Text","Flip this if the wheel pulls INTO the slide instead of countering it.","","ModeBCompressorCheck ModeBLateralDemandCheck ModeBSignCheck","",""
"TelemetryFfb_FfbPassthrough","src/TrueforceForAll.Plugin/SettingsControl.xaml","3431","FfbPassthroughHeader","Text","FFB Pass-Through","code-assigned: FfbPassthroughHeader.Text","","",""
"TelemetryFfb_FfbInvert","src/TrueforceForAll.Plugin/SettingsControl.xaml","3434","FfbInvertCheck","Content","Invert FFB sign (uncheck if forces feel reversed)","","","","Flips the direction of the game's force feedback sent to the wheel. On by default. If your wheel pushes the wrong way (e.g. forces feel reversed in RaceRoom), uncheck this."
"TelemetryFfb_FfbInvert_Tip","src/TrueforceForAll.Plugin/SettingsControl.xaml","3437","FfbInvertCheck","ToolTip","Flips the direction of the game's force feedback sent to the wheel. On by default. If your wheel pushes the wrong way (e.g. forces feel reversed in RaceRoom), uncheck this.","","","",""
"TelemetryFfb_R3EStationaryDamper","src/TrueforceForAll.Plugin/SettingsControl.xaml","3451","R3EStationaryDamperCheck","Content","Stationary friction","","","","Adds back the game's low-speed parking resistance, which the handed-over, Telemetry Based and Farming Simulator routes otherwise drop. Firm when parked, fading to nothing as you gain speed."
"TelemetryFfb_R3EStationaryDamper_Tip","src/TrueforceForAll.Plugin/SettingsControl.xaml","3454","R3EStationaryDamperCheck","ToolTip","Adds back the game's low-speed parking resistance, which the handed-over, Telemetry Based and Farming Simulator routes otherwise drop. Firm when parked, fading to nothing as you gain speed.","","","",""
"TelemetryFfb_R3EStationaryDamperFrictionStrength","src/TrueforceForAll.Plugin/SettingsControl.xaml","3459","R3EStationaryDamperExpander/StackPanel[1]/Grid[1]/TextBlock[1]","Text","Friction strength:","","R3EDamperStrengthSlider","","How firm the parked resistance is, as a share of full wheel force."
"TelemetryFfb_R3EStationaryDamperFrictionStrength_Tip","src/TrueforceForAll.Plugin/SettingsControl.xaml","3460","R3EStationaryDamperExpander/StackPanel[1]/Grid[1]/TextBlock[1]","ToolTip","How firm the parked resistance is, as a share of full wheel force.","","R3EDamperStrengthSlider","",""
"TelemetryFfb_R3EDamperStrength_Tip","src/TrueforceForAll.Plugin/SettingsControl.xaml","3462","R3EDamperStrengthSlider","ToolTip","How firm the parked resistance is. Higher is heavier; too high can start to shake, so it tops out where it stays smooth.","","","",""
"TelemetryFfb_R3EStationaryDamperFadesOutBy","src/TrueforceForAll.Plugin/SettingsControl.xaml","3468","R3EStationaryDamperExpander/StackPanel[1]/Grid[2]/TextBlock[1]","Text","Fades out by:","","R3EDamperFadeSlider","Firm when parked, easing off as you gain speed and gone by this speed (km/h).","The car speed at which the stationary friction has faded to nothing. Below it the friction eases off as you speed up; above it, only the sim's own force remains."
"TelemetryFfb_R3EStationaryDamperFadesOutBy_Tip","src/TrueforceForAll.Plugin/SettingsControl.xaml","3469","R3EStationaryDamperExpander/StackPanel[1]/Grid[2]/TextBlock[1]","ToolTip","The car speed at which the stationary friction has faded to nothing. Below it the friction eases off as you speed up; above it, only the sim's own force remains.","","R3EDamperFadeSlider","Firm when parked, easing off as you gain speed and gone by this speed (km/h).",""
"TelemetryFfb_R3EDamperFade_Tip","src/TrueforceForAll.Plugin/SettingsControl.xaml","3471","R3EDamperFadeSlider","ToolTip","The car speed at which the stationary friction has faded to nothing.","","","Firm when parked, easing off as you gain speed and gone by this speed (km/h).",""
"TelemetryFfb_R3EStationaryDamperFirmWhenParkedEasing","src/TrueforceForAll.Plugin/SettingsControl.xaml","3476","R3EStationaryDamperExpander/StackPanel[1]/TextBlock[1]","Text","Firm when parked, easing off as you gain speed and gone by this speed (km/h).","","","",""
"TelemetryFfb_StationarySpring","src/TrueforceForAll.Plugin/SettingsControl.xaml","3500","StationarySpringCheck","Content","Stationary spring","","StationarySpringUnsupportedBadge StationarySpringRevertBtn StationarySpringSaveBtn","","A parked car sends almost no force feedback, so the wheel feels limp. This adds a centering weight that fades out as you start moving and never fights the game's own FFB. It is set per game and off until you tick it, in Assetto Corsa, RaceRoom, Le Mans Ultimate or Forza with Telemetry Based FFB. Ignored for iRacing (the sim already weights the wheel)."
"TelemetryFfb_StationarySpring_Tip","src/TrueforceForAll.Plugin/SettingsControl.xaml","3503","StationarySpringCheck","ToolTip","A parked car sends almost no force feedback, so the wheel feels limp. This adds a centering weight that fades out as you start moving and never fights the game's own FFB. It is set per game and off until you tick it, in Assetto Corsa, RaceRoom, Le Mans Ultimate or Forza with Telemetry Based FFB. Ignored for iRacing (the sim already weights the wheel).","","StationarySpringUnsupportedBadge StationarySpringRevertBtn StationarySpringSaveBtn","",""
"TelemetryFfb_StationarySpringUnsupportedBadge","src/TrueforceForAll.Plugin/SettingsControl.xaml","3505","StationarySpringUnsupportedBadge","Text","not used in Forza","code-assigned: StationarySpringUnsupportedBadge.Text","StationarySpringCheck StationarySpringRevertBtn StationarySpringSaveBtn","","Skipped in Forza, where it can fight the game's own force feedback around pauses and drag the wheel hard to one side. Your tuning still applies in other games."
"TelemetryFfb_StationarySpringUnsupportedBadge_Tip","src/TrueforceForAll.Plugin/SettingsControl.xaml","3506","StationarySpringUnsupportedBadge","ToolTip","Skipped in Forza, where it can fight the game's own force feedback around pauses and drag the wheel hard to one side. Your tuning still applies in other games.","code-assigned: StationarySpringUnsupportedBadge.ToolTip","StationarySpringCheck StationarySpringRevertBtn StationarySpringSaveBtn","",""
"Common_SaveEllipsis","src/TrueforceForAll.Plugin/SettingsControl.xaml","3511","StationarySpringSaveBtn","Content","Save…","","StationarySpringCheck StationarySpringUnsupportedBadge StationarySpringRevertBtn","",""
"TelemetryFfb_StationarySpringSlidersSpringStrength","src/TrueforceForAll.Plugin/SettingsControl.xaml","3518","StationarySpringSliders/Grid[1]/TextBlock[1]","Text","Spring strength:","","StationarySpringStrengthSlider","","How much centering weight to add when fully parked, as a fraction of full FFB. Start low; a strong spring can snap the wheel to center hard."
"TelemetryFfb_StationarySpringSlidersSpringStrength_Tip","src/TrueforceForAll.Plugin/SettingsControl.xaml","3519","StationarySpringSliders/Grid[1]/TextBlock[1]","ToolTip","How much centering weight to add when fully parked, as a fraction of full FFB. Start low; a strong spring can snap the wheel to center hard.","","StationarySpringStrengthSlider","",""
"TelemetryFfb_StationarySpringSlidersFadeOutKmH","src/TrueforceForAll.Plugin/SettingsControl.xaml","3527","StationarySpringSliders/Grid[2]/TextBlock[1]","Text","Fade-out (km/h):","","StationarySpringCutoffSlider","","The spring is at full strength when stopped and fades to nothing by this speed. Keep it low so it's gone before real cornering forces build."
"TelemetryFfb_StationarySpringSlidersFadeOutKmH_Tip","src/TrueforceForAll.Plugin/SettingsControl.xaml","3528","StationarySpringSliders/Grid[2]/TextBlock[1]","ToolTip","The spring is at full strength when stopped and fades to nothing by this speed. Keep it low so it's gone before real cornering forces build.","","StationarySpringCutoffSlider","",""
"TelemetryFfb_SpikeReductionExpanderSectionFfbSpikeReduction","src/TrueforceForAll.Plugin/SettingsControl.xaml","3543","SpikeReductionExpanderSection/Expander.Header[1]/StackPanel[1]/TextBlock[1]","Text","FFB Spike Reduction","","SpikeReductionRevertBtn SpikeReductionSaveBtn","",""
"Common_SaveEllipsis","src/TrueforceForAll.Plugin/SettingsControl.xaml","3545","SpikeReductionSaveBtn","Content","Save…","","SpikeReductionRevertBtn","",""
"TelemetryFfb_SpikeTamingEnabled","src/TrueforceForAll.Plugin/SettingsControl.xaml","3549","SpikeTamingEnabledCheck","Content","FFB spike reduction (recommended for Assetto Corsa)","","SpikeTamingBody","",""
"TelemetryFfb_SpikeTamingBodySomeGamesDeliverCurb","src/TrueforceForAll.Plugin/SettingsControl.xaml","3573","SpikeTamingBody/TextBlock[1]","Text","Some games deliver curb and collision FFB spikes well beyond what's safe or comfortable on stronger wheelbases (Assetto Corsa is the worst offender we've seen). Hits can be sharp enough to wrench the wheel against your grip or strain your wrists on a long session.","","SpikeModeDescription SpikeRateRow SpikePeakRows","",""
"TelemetryFfb_SpikeTamingBodyMethod","src/TrueforceForAll.Plugin/SettingsControl.xaml","3574","SpikeTamingBody/TextBlock[2]","Text","Method:","","SpikeModeDescription SpikeRateRow SpikePeakRows","","The method picked below only applies while the box above is checked."
"TelemetryFfb_SpikeTamingBodyMethod_Tip","src/TrueforceForAll.Plugin/SettingsControl.xaml","3575","SpikeTamingBody/TextBlock[2]","ToolTip","The method picked below only applies while the box above is checked.","","SpikeModeDescription SpikeRateRow SpikePeakRows","",""
"TelemetryFfb_SpikeModeSlewRadio","src/TrueforceForAll.Plugin/SettingsControl.xaml","3578","SpikeModeSlewRadio","Content","Rate limiter (iRacing-style)","","SpikeModeTransientRadio","",""
"TelemetryFfb_SpikeModeTransientRadio","src/TrueforceForAll.Plugin/SettingsControl.xaml","3581","SpikeModeTransientRadio","Content","Peak limiter","","SpikeModeSlewRadio","",""
"TelemetryFfb_SpikeRateRowRateLimit","src/TrueforceForAll.Plugin/SettingsControl.xaml","3589","SpikeRateRow/Grid[1]/TextBlock[1]","Text","Rate limit:","","FfbSpikeLimitSlider","",""
"TelemetryFfb_SpikePeakRowsMaxHit","src/TrueforceForAll.Plugin/SettingsControl.xaml","3621","SpikePeakRows/Grid[1]/TextBlock[1]","Text","Max hit:","","FfbPeakLimitSlider","The most a hit may rise above that running average. However hard the game hits, that is where it levels off, so a curb strike mid-corner lands this much above the corner instead of wrenching the wheel.",""
"TelemetryFfb_SpikePeakRowsTheMostAHitMayRise","src/TrueforceForAll.Plugin/SettingsControl.xaml","3628","SpikePeakRows/TextBlock[1]","Text","The most a hit may rise above that running average. However hard the game hits, that is where it levels off, so a curb strike mid-corner lands this much above the corner instead of wrenching the wheel.","","SpikePeakSummary","",""
"TelemetryFfb_SpikePeakRowsMinimumReference","src/TrueforceForAll.Plugin/SettingsControl.xaml","3631","SpikePeakRows/Grid[2]/TextBlock[1]","Text","Minimum reference:","","FfbSpikeThresholdSlider","Holds the running average up to at least this much, so ordinary force on a smooth road is not mistaken for a hit. It is also where a hit starts being slowed. Set it below normal road feel and everyday bumps start getting flattened and slowed.",""
"TelemetryFfb_SpikePeakRowsHoldsTheRunningAverage","src/TrueforceForAll.Plugin/SettingsControl.xaml","3638","SpikePeakRows/TextBlock[2]","Text","Holds the running average up to at least this much, so ordinary force on a smooth road is not mistaken for a hit. It is also where a hit starts being slowed. Set it below normal road feel and everyday bumps start getting flattened and slowed.","","SpikePeakSummary","",""
"TelemetryFfb_IRacingAdvanced","src/TrueforceForAll.Plugin/SettingsControl.xaml","3655","IRacingAdvancedExpander/Expander.Header[1]/TextBlock[1]","Text","Advanced","","","",""
"TelemetryFfb_IRacingAdvancedIRacingSendsTelemetry60","src/TrueforceForAll.Plugin/SettingsControl.xaml","3663","IRacingAdvancedExpander/StackPanel[1]/TextBlock[1]","Text","iRacing sends telemetry 60 times a second, and each update carries six force samples from the physics steps in between. These options choose whether to fill the gaps between updates and how much of that extra detail to use.","","IRacingFeelRow IRacingFeelHelp","",""
"TelemetryFfb_IRacingFeelRowFeel","src/TrueforceForAll.Plugin/SettingsControl.xaml","3671","IRacingFeelRow/TextBlock[1]","Text","Feel:","","IRacingForceModeCombo","",""
"TelemetryFfb_IRacingForceModePlain","src/TrueforceForAll.Plugin/SettingsControl.xaml","3674","IRacingForceModeCombo/ComboBoxItem[1]","Content","Plain","","","",""
"TelemetryFfb_IRacingForceModeFilled","src/TrueforceForAll.Plugin/SettingsControl.xaml","3675","IRacingForceModeCombo/ComboBoxItem[2]","Content","Filled","","","",""
"TelemetryFfb_IRacingForceModeDetailed","src/TrueforceForAll.Plugin/SettingsControl.xaml","3676","IRacingForceModeCombo/ComboBoxItem[3]","Content","Detailed","","","",""
"TelemetryFfb_IRacingForceModeDetailedPredicted","src/TrueforceForAll.Plugin/SettingsControl.xaml","3677","IRacingForceModeCombo/ComboBoxItem[4]","Content","Detailed, predicted","","","",""
"TelemetryFfb_WheelLightsHeader","src/TrueforceForAll.Plugin/SettingsControl.xaml","3703","WheelLightsHeaderText","Text","Wheel lights and screen","code-assigned: WheelLightsHeaderText.Text","","",""
"TelemetryFfb_LedBrightnessRowBrightness","src/TrueforceForAll.Plugin/SettingsControl.xaml","3713","LedBrightnessRow/TextBlock[1]","Text","Brightness:","","LedBrightnessSlider","",""
"TelemetryFfb_LedBrightness_Tip","src/TrueforceForAll.Plugin/SettingsControl.xaml","3717","LedBrightnessSlider","ToolTip","How bright the wheel's lights are, for every pattern. This is the wheel's own setting and it stays where you put it.","","","",""
"TelemetryFfb_ModeBRevLights","src/TrueforceForAll.Plugin/SettingsControl.xaml","3725","ModeBRevLightsCheck","Content","Add rev light support to games when possible","","LedBrightnessRow RevLightPatternRow RevLightPatternHelp LovelyFillBlock IdleModeExtras NoRevModeExtras AmbientLedBlockHolder","Why not every game?","The plugin works out per game and per session whether it can take the lights over without cutting the game's force feedback. Tick this to let it, whenever it can."
"TelemetryFfb_ModeBRevLights_Tip","src/TrueforceForAll.Plugin/SettingsControl.xaml","3727","ModeBRevLightsCheck","ToolTip","The plugin works out per game and per session whether it can take the lights over without cutting the game's force feedback. Tick this to let it, whenever it can.","","LedBrightnessRow RevLightPatternRow RevLightPatternHelp LovelyFillBlock IdleModeExtras NoRevModeExtras AmbientLedBlockHolder","Why not every game?",""
"TelemetryFfb_WheelLightsBlockWhyTheLightsWork_Tip","src/TrueforceForAll.Plugin/SettingsControl.xaml","3733","WheelLightsBlock/TextBlock[1]/Hyperlink[1]","ToolTip","Why the lights work in some games and not others.","","","",""
"TelemetryFfb_WheelLightsBlockWhyNotEveryGame","src/TrueforceForAll.Plugin/SettingsControl.xaml","3733","WheelLightsBlock/TextBlock[1]/Hyperlink[1]","#text","Why not every game?","","","","Why the lights work in some games and not others."
"TelemetryFfb_RevLightPatternRowPattern","src/TrueforceForAll.Plugin/SettingsControl.xaml","3744","RevLightPatternRow/TextBlock[1]","Text","Pattern:","","RevLightEffectCombo RevLightRememberBtn RevLightRememberStatus","Picking a pattern sets the wheelbase's selection, like using the wheel's own menu: it applies now and stays. Remember for this car re-applies it whenever that car loads.",""
"TelemetryFfb_RevLightEffect_Tip","src/TrueforceForAll.Plugin/SettingsControl.xaml","3746","RevLightEffectCombo","ToolTip","Colors and direction come from the pattern itself, set in G HUB.","","RevLightRememberBtn RevLightRememberStatus","Picking a pattern sets the wheelbase's selection, like using the wheel's own menu: it applies now and stays. Remember for this car re-applies it whenever that car loads.",""
"TelemetryFfb_RevLightRemember","src/TrueforceForAll.Plugin/SettingsControl.xaml","3748","RevLightRememberBtn","Content","Remember for this car","","RevLightEffectCombo RevLightRememberStatus","Picking a pattern sets the wheelbase's selection, like using the wheel's own menu: it applies now and stays. Remember for this car re-applies it whenever that car loads.",""
"TelemetryFfb_RevLightRememberForget","src/TrueforceForAll.Plugin/SettingsControl.xaml","3751","RevLightRememberStatus/Hyperlink[1]","#text","Forget","","RevLightRememberRun","Picking a pattern sets the wheelbase's selection, like using the wheel's own menu: it applies now and stays. Remember for this car re-applies it whenever that car loads.",""
"TelemetryFfb_RevLightPattern","src/TrueforceForAll.Plugin/SettingsControl.xaml","3754","RevLightPatternHelp","Text","Picking a pattern sets the wheelbase's selection, like using the wheel's own menu: it applies now and stays. Remember for this car re-applies it whenever that car loads.","","LedBrightnessRow ModeBRevLightsCheck RevLightPatternRow LovelyFillBlock IdleModeExtras NoRevModeExtras AmbientLedBlockHolder","",""
"TelemetryFfb_LovelyFill","src/TrueforceForAll.Plugin/SettingsControl.xaml","3766","LovelyFillCheck","Content","Use the car's own rev light timing","","LovelyFillNeedsCommunityNote","Turn on community features in the Settings tab to use this. The car data is fetched from there.","Needs community features, which is where the car data comes from."
"TelemetryFfb_LovelyFill_Tip","src/TrueforceForAll.Plugin/SettingsControl.xaml","3768","LovelyFillCheck","ToolTip","Needs community features, which is where the car data comes from.","","LovelyFillNeedsCommunityNote","Turn on community features in the Settings tab to use this. The car data is fetched from there.",""
"Lightsync_LovelyNeedsCommunityNote","src/TrueforceForAll.Plugin/SettingsControl.xaml","3771","LovelyFillNeedsCommunityNote","Text","Turn on community features in the Settings tab to use this. The car data is fetched from there.","","LovelyFillCheck","Your lights fill at the RPMs the real car's dash lights up at, instead of an even spread from idle to redline.",""
"TelemetryFfb_LovelyFillBlockYourLightsFillAt","src/TrueforceForAll.Plugin/SettingsControl.xaml","3773","LovelyFillBlock/TextBlock[2]","Text","Your lights fill at the RPMs the real car's dash lights up at, instead of an even spread from idle to redline.","","LovelyFillCheck LovelyFillNeedsCommunityNote","Per-car rev light timing, redlines and blink rates by Lovely Sim Racing, CC BY-NC-SA 4.0. What this covers",""
"TelemetryFfb_LovelyPerCarRevLightTiming","src/TrueforceForAll.Plugin/SettingsControl.xaml","3778","LovelyFillBlock/TextBlock[3]/Run[1]","Text","Per-car rev light timing, redlines and blink rates by ","","","",""
"Lightsync_OpensTheLovelyCar_Tip","src/TrueforceForAll.Plugin/SettingsControl.xaml","3779","LovelyFillBlock/TextBlock[3]/Hyperlink[1]","ToolTip","Opens the lovely-car-data project on GitHub.","","","",""
"Lightsync_WhatTheDatasetCovers_Tip","src/TrueforceForAll.Plugin/SettingsControl.xaml","3781","LovelyFillBlock/TextBlock[3]/Hyperlink[2]","ToolTip","What the dataset covers, and what comes from our own car facts.","","","",""
"Lightsync_WhatThisCovers","src/TrueforceForAll.Plugin/SettingsControl.xaml","3781","LovelyFillBlock/TextBlock[3]/Hyperlink[2]","#text","What this covers","","","","What the dataset covers, and what comes from our own car facts."
"TelemetryFfb_WheelLightsBlockWhenIdle","src/TrueforceForAll.Plugin/SettingsControl.xaml","3802","WheelLightsBlock/Grid[2]/TextBlock[1]","Text","When idle:","","IdleLedModeCombo","",""
"TelemetryFfb_IdleLedMode_Tip","src/TrueforceForAll.Plugin/SettingsControl.xaml","3805","IdleLedModeCombo","ToolTip","What the lights do when nobody is driving: no game running, or a game running with the car sat still past the dash's idle delay.","","","",""
"TelemetryFfb_WheelLightsBlockWhenAGameHasNoRevs","src/TrueforceForAll.Plugin/SettingsControl.xaml","3813","WheelLightsBlock/Grid[3]/TextBlock[1]","Text","When a game has no revs:","","NoRevLedModeCombo","",""
"TelemetryFfb_NoRevLedMode_Tip","src/TrueforceForAll.Plugin/SettingsControl.xaml","3816","NoRevLedModeCombo","ToolTip","For the games that report no engine speed at all, like emulated arcade cabinets, where the rev lights have nothing to show.","","","",""
"TelemetryFfb_WheelLightsBlockColorsComeFromThe","src/TrueforceForAll.Plugin/SettingsControl.xaml","3821","WheelLightsBlock/TextBlock[3]","Text","Colors come from the pattern above. Your revs always win in a game that reports them.","","LedBrightnessRow ModeBRevLightsCheck RevLightPatternRow RevLightPatternHelp LovelyFillBlock IdleModeExtras NoRevModeExtras AmbientLedBlockHolder","",""
"TelemetryFfb_LedSweepRowSweepTime","src/TrueforceForAll.Plugin/SettingsControl.xaml","3833","LedSweepRow/TextBlock[1]","Text","Sweep time:","","LedSweepSlider","",""
"TelemetryFfb_LedSweep_Tip","src/TrueforceForAll.Plugin/SettingsControl.xaml","3837","LedSweepSlider","ToolTip","How long one full pass takes, up the strip and back down.","","","",""
"TelemetryFfb_ModeBOled","src/TrueforceForAll.Plugin/SettingsControl.xaml","3866","ModeBOledCheck","Content","Show telemetry on the wheel's screen","","OledNoScreenText OledCustomPanel OledDeltaUnavailableText","Puts your speed, gear, lap delta, and more on the little screen in the middle of the wheel, so you can read them without looking away from the road.",""
"TelemetryFfb_OledSectionPutsYourSpeedGear","src/TrueforceForAll.Plugin/SettingsControl.xaml","3869","OledSection/TextBlock[1]","Text","Puts your speed, gear, lap delta, and more on the little screen in the middle of the wheel, so you can read them without looking away from the road.","","ModeBOledCheck OledNoScreenText OledCustomPanel OledDeltaUnavailableText","It also reports changes as they happen: a preset loading, a gain nudged from a bound button, Auto strength settling on a car, or a warning that the game is still sending its own force feedback. Each shows for a moment, then your driving screen comes back.",""
"TelemetryFfb_OledSectionItAlsoReportsChanges","src/TrueforceForAll.Plugin/SettingsControl.xaml","3871","OledSection/TextBlock[2]","Text","It also reports changes as they happen: a preset loading, a gain nudged from a bound button, Auto strength settling on a car, or a warning that the game is still sending its own force feedback. Each shows for a moment, then your driving screen comes back.","","ModeBOledCheck OledNoScreenText OledCustomPanel OledDeltaUnavailableText","",""
"TelemetryFfb_OledSectionShow","src/TrueforceForAll.Plugin/SettingsControl.xaml","3873","OledSection/StackPanel[1]/TextBlock[1]","Text","Show:","","OledScreenCombo OledMphCheck","The wheel keeps its own display while you drive. Shifts, finished laps, incidents and warnings still take the screen for a moment and hand it straight back.",""
"TelemetryFfb_OledMph","src/TrueforceForAll.Plugin/SettingsControl.xaml","3878","OledMphCheck","Content","mph","","OledScreenCombo","The wheel keeps its own display while you drive. Shifts, finished laps, incidents and warnings still take the screen for a moment and hand it straight back.","Show the speed in mph instead of km/h. Affects this screen only."
"TelemetryFfb_OledMph_Tip","src/TrueforceForAll.Plugin/SettingsControl.xaml","3881","OledMphCheck","ToolTip","Show the speed in mph instead of km/h. Affects this screen only.","","OledScreenCombo","The wheel keeps its own display while you drive. Shifts, finished laps, incidents and warnings still take the screen for a moment and hand it straight back.",""
"TelemetryFfb_OledNoScreen","src/TrueforceForAll.Plugin/SettingsControl.xaml","3888","OledNoScreenText","Text","The wheel keeps its own display while you drive. Shifts, finished laps, incidents and warnings still take the screen for a moment and hand it straight back.","","ModeBOledCheck OledCustomPanel OledDeltaUnavailableText","",""
"TelemetryFfb_OledShiftFlash","src/TrueforceForAll.Plugin/SettingsControl.xaml","3890","OledShiftFlashCheck","Content","Flash the gear when I shift","","OledFlashStyleCombo OledLapResultCheck","","Shows the gear for a moment on each shift. Skipped automatically on a screen that already shows the gear."
"TelemetryFfb_OledShiftFlash_Tip","src/TrueforceForAll.Plugin/SettingsControl.xaml","3893","OledShiftFlashCheck","ToolTip","Shows the gear for a moment on each shift. Skipped automatically on a screen that already shows the gear.","","OledFlashStyleCombo OledLapResultCheck","",""
"TelemetryFfb_OledFlashStyle_Tip","src/TrueforceForAll.Plugin/SettingsControl.xaml","3898","OledFlashStyleCombo","ToolTip","The wheel cannot center its biggest text, so the large gear sits to one side with the speed next to it. The centered one is a size smaller but sits in the middle with a label.","","OledShiftFlashCheck OledLapResultCheck","",""
"TelemetryFfb_OledFlashStyleBigGearSpeedBeside","src/TrueforceForAll.Plugin/SettingsControl.xaml","3899","OledFlashStyleCombo/ComboBoxItem[1]","Content","Big gear, speed beside it","","","",""
"TelemetryFfb_OledFlashStyleCenteredGearWithA","src/TrueforceForAll.Plugin/SettingsControl.xaml","3900","OledFlashStyleCombo/ComboBoxItem[2]","Content","Centered gear with a label","","","",""
"TelemetryFfb_OledLapResult","src/TrueforceForAll.Plugin/SettingsControl.xaml","3902","OledLapResultCheck","Content","Show the lap when I cross the line","","OledShiftFlashCheck OledFlashStyleCombo","","A personal best gets the time on its own. Any other lap gets the time with the delta under it."
"TelemetryFfb_OledLapResult_Tip","src/TrueforceForAll.Plugin/SettingsControl.xaml","3905","OledLapResultCheck","ToolTip","A personal best gets the time on its own. Any other lap gets the time with the delta under it.","","OledShiftFlashCheck OledFlashStyleCombo","",""
"TelemetryFfb_OledGreeting","src/TrueforceForAll.Plugin/SettingsControl.xaml","3908","OledGreetingCheck","Content","Say hello when the screen first comes up","","OledGreetingBox","","Once each time SimHub runs, not once per session."
"TelemetryFfb_OledGreeting_Tip","src/TrueforceForAll.Plugin/SettingsControl.xaml","3911","OledGreetingCheck","ToolTip","Once each time SimHub runs, not once per session.","collision: 2 rows propose TelemetryFfb_OledGreeting_Tip","OledGreetingBox","",""
"TelemetryFfb_OledGreetingText_Tip","src/TrueforceForAll.Plugin/SettingsControl.xaml","3915","OledGreetingBox","ToolTip","Scrolls across the lower row under the plugin name. Anything longer than the row scrolls past.","collision: 2 rows propose TelemetryFfb_OledGreeting_Tip","OledGreetingCheck","",""
"TelemetryFfb_OledCustomPickALayoutThenWhat","src/TrueforceForAll.Plugin/SettingsControl.xaml","3923","OledCustomPanel/TextBlock[1]","Text","Pick a layout, then what goes in each of its slots. Anything set to Custom text shows exactly what you type.","","OledSlot0Row OledSlot1Row OledSlot2Row OledSlot3Row","",""
"TelemetryFfb_OledCustomLayout","src/TrueforceForAll.Plugin/SettingsControl.xaml","3925","OledCustomPanel/StackPanel[1]/TextBlock[1]","Text","Layout:","","OledLayoutCombo","",""
"TelemetryFfb_OledLayout_Tip","src/TrueforceForAll.Plugin/SettingsControl.xaml","3927","OledLayoutCombo","ToolTip","The wheel decides how big each slot is drawn and where it sits, so the layout is the shape and the slots are the contents.","","","",""
"TelemetryFfb_OledSlot0","src/TrueforceForAll.Plugin/SettingsControl.xaml","3932","OledSlot0Label","Text","Slot 1:","","OledSlot0Combo","",""
"TelemetryFfb_OledSlot1","src/TrueforceForAll.Plugin/SettingsControl.xaml","3938","OledSlot1Label","Text","Slot 2:","","OledSlot1Combo","",""
"TelemetryFfb_OledSlot2","src/TrueforceForAll.Plugin/SettingsControl.xaml","3944","OledSlot2Label","Text","Slot 3:","","OledSlot2Combo","",""
"TelemetryFfb_OledSlot3","src/TrueforceForAll.Plugin/SettingsControl.xaml","3950","OledSlot3Label","Text","Slot 4:","","OledSlot3Combo","",""
"TelemetryFfb_OledSectionScreenStatus","src/TrueforceForAll.Plugin/SettingsControl.xaml","3965","OledSection/Grid[1]/TextBlock[1]","Text","Screen status:","","OledStatusText","",""
"TelemetryFfb_OledStatus","src/TrueforceForAll.Plugin/SettingsControl.xaml","3966","OledStatusText","Text","(idle)","code-assigned: OledStatusText.Text","","",""
"TelemetryFfb_ModeBReset","src/TrueforceForAll.Plugin/SettingsControl.xaml","3986","ModeBResetButton","Content","Reset FFB tuning to defaults","","","Restores the defaults for the game you are in, plus spike reduction, and leaves your other games alone.","Put the force tuning on this tab back to its defaults, including spike reduction."
"TelemetryFfb_ModeBReset_Tip","src/TrueforceForAll.Plugin/SettingsControl.xaml","3988","ModeBResetButton","ToolTip","Put the force tuning on this tab back to its defaults, including spike reduction.","","","Restores the defaults for the game you are in, plus spike reduction, and leaves your other games alone.",""
"TelemetryFfb_RestoresTheDefaultsFor","src/TrueforceForAll.Plugin/SettingsControl.xaml","3990","TelemetryFfbTab/ScrollViewer[1]/StackPanel[1]/StackPanel[3]/TextBlock[1]","Text","Restores the defaults for the game you are in, plus spike reduction, and leaves your other games alone.","","ModeBResetButton","",""
"TelemetryFfb_FxBenchSectionEffectTestBench_Header","src/TrueforceForAll.Plugin/SettingsControl.xaml","4003","FxBenchSection/Expander[1]","Header","Effect test bench","","","",""
"TelemetryFfb_FxBenchSectionPlayAnEffectThrough","src/TrueforceForAll.Plugin/SettingsControl.xaml","4006","FxBenchSection/Expander[1]/StackPanel[1]/TextBlock[1]","Text","Play an effect through the wheel's own firmware (native: the reference feel), then the same effect through the plugin's renderer, and tune until they match. The gain belongs to the picked effect, so you can tune one effect, switch to the next, and tune that one without disturbing the first. Native playback needs the wheel free (no game running). Save stores every effect's tuning as the default for future sessions.","","","",""
"TelemetryFfb_FxBenchSectionEffect","src/TrueforceForAll.Plugin/SettingsControl.xaml","4008","FxBenchSection/Expander[1]/StackPanel[1]/StackPanel[1]/TextBlock[1]","Text","Effect:","","FxTestEffectBox FxTestStrengthSlider FxTestPeriodSlider","",""
"TelemetryFfb_FxTestEffect_Tip","src/TrueforceForAll.Plugin/SettingsControl.xaml","4011","FxTestEffectBox","ToolTip","The effect to compare. The gain below belongs to whichever effect is picked here, so each one tunes and saves separately.","","FxTestStrengthSlider FxTestPeriodSlider","",""
"TelemetryFfb_FxBenchSectionStrength","src/TrueforceForAll.Plugin/SettingsControl.xaml","4023","FxBenchSection/Expander[1]/StackPanel[1]/StackPanel[1]/TextBlock[2]","Text","Strength:","","FxTestEffectBox FxTestStrengthSlider FxTestPeriodSlider","",""
"TelemetryFfb_FxBenchSectionPeriod","src/TrueforceForAll.Plugin/SettingsControl.xaml","4027","FxBenchSection/Expander[1]/StackPanel[1]/StackPanel[1]/TextBlock[3]","Text","Period:","","FxTestEffectBox FxTestStrengthSlider FxTestPeriodSlider","",""
"TelemetryFfb_FxTestNative","src/TrueforceForAll.Plugin/SettingsControl.xaml","4033","FxTestNativeButton","Content","Play native","","FxTestEngineButton FxTestStopButton FxTraceButton FxTestStatus","","The wheel's own DirectInput effect with the Trueforce stream fully STOPPED: the wheel exactly as it is without the plugin. The reference feel."
"TelemetryFfb_FxTestNative_Tip","src/TrueforceForAll.Plugin/SettingsControl.xaml","4034","FxTestNativeButton","ToolTip","The wheel's own DirectInput effect with the Trueforce stream fully STOPPED: the wheel exactly as it is without the plugin. The reference feel.","","FxTestEngineButton FxTestStopButton FxTraceButton FxTestStatus","",""
"TelemetryFfb_FxTestEngine","src/TrueforceForAll.Plugin/SettingsControl.xaml","4035","FxTestEngineButton","Content","Play engine","","FxTestNativeButton FxTestStopButton FxTraceButton FxTestStatus","","The identical effect through the plugin's renderer, streamed as Trueforce force: what games feel under the plugin."
"TelemetryFfb_FxTestEngine_Tip","src/TrueforceForAll.Plugin/SettingsControl.xaml","4036","FxTestEngineButton","ToolTip","The identical effect through the plugin's renderer, streamed as Trueforce force: what games feel under the plugin.","","FxTestNativeButton FxTestStopButton FxTraceButton FxTestStatus","",""
"TelemetryFfb_FxTestStop","src/TrueforceForAll.Plugin/SettingsControl.xaml","4037","FxTestStopButton","Content","Stop","","FxTestNativeButton FxTestEngineButton FxTraceButton FxTestStatus","",""
"TelemetryFfb_FxTrace","src/TrueforceForAll.Plugin/SettingsControl.xaml","4038","FxTraceButton","Content","Record trace","code-assigned: FxTraceButton.Content","FxTestNativeButton FxTestEngineButton FxTestStopButton FxTestStatus","","Records every force tick to a CSV in Documents\TrueforceForAll: the wheel's velocity as the reader measures it, the smoothed velocity the damper actually multiplies, and the force each effect added. Play an effect, turn the wheel through whatever feels wrong, then press again to save. Keeps the last 30 seconds, so a long recording is fine."
"TelemetryFfb_FxTrace_Tip","src/TrueforceForAll.Plugin/SettingsControl.xaml","4039","FxTraceButton","ToolTip","Records every force tick to a CSV in Documents\TrueforceForAll: the wheel's velocity as the reader measures it, the smoothed velocity the damper actually multiplies, and the force each effect added. Play an effect, turn the wheel through whatever feels wrong, then press again to save. Keeps the last 30 seconds, so a long recording is fine.","","FxTestNativeButton FxTestEngineButton FxTestStopButton FxTestStatus","",""
"TelemetryFfb_FxTuneGainCaption","src/TrueforceForAll.Plugin/SettingsControl.xaml","4043","FxTuneGainCaption","Text","Damper gain:","code-assigned: FxTuneGainCaption.Text","FxTuneGainSlider FxTuneResetKindButton FxTuneInertiaCoastsCheck FxTuneInertiaAsDampingCheck FxTuneSignCheck","",""
"TelemetryFfb_FxTuneGain_Tip","src/TrueforceForAll.Plugin/SettingsControl.xaml","4047","FxTuneGainSlider","ToolTip","Scales the picked effect only: each family (damper, spring, friction, inertia, waveforms, ramp) keeps its own gain, so you can tune one, switch, and tune the next. Live while an engine effect plays. Save tuning stores them all.","","FxTuneGainCaption FxTuneResetKindButton FxTuneInertiaCoastsCheck FxTuneInertiaAsDampingCheck FxTuneSignCheck","",""
"Common_Reset","src/TrueforceForAll.Plugin/SettingsControl.xaml","4049","FxTuneResetKindButton","Content","Reset","","FxTuneGainCaption FxTuneGainSlider FxTuneInertiaCoastsCheck FxTuneInertiaAsDampingCheck FxTuneSignCheck","","Puts the picked effect's gain back to its shipped default. The other effects keep their tuning."
"TelemetryFfb_FxTuneResetKind_Tip","src/TrueforceForAll.Plugin/SettingsControl.xaml","4051","FxTuneResetKindButton","ToolTip","Puts the picked effect's gain back to its shipped default. The other effects keep their tuning.","","FxTuneGainCaption FxTuneGainSlider FxTuneInertiaCoastsCheck FxTuneInertiaAsDampingCheck FxTuneSignCheck","",""
"TelemetryFfb_FxTuneInertiaCoasts","src/TrueforceForAll.Plugin/SettingsControl.xaml","4052","FxTuneInertiaCoastsCheck","Content","Inertia coasts","","FxTuneGainCaption FxTuneGainSlider FxTuneResetKindButton FxTuneInertiaAsDampingCheck FxTuneSignCheck","","On (default) is real inertia: the wheel resists the push, then carries on turning as the stored energy comes back. Off makes it only ever resist, which is what the wheel's own firmware does. Affects inertia only."
"TelemetryFfb_FxTuneInertiaCoasts_Tip","src/TrueforceForAll.Plugin/SettingsControl.xaml","4054","FxTuneInertiaCoastsCheck","ToolTip","On (default) is real inertia: the wheel resists the push, then carries on turning as the stored energy comes back. Off makes it only ever resist, which is what the wheel's own firmware does. Affects inertia only.","","FxTuneGainCaption FxTuneGainSlider FxTuneResetKindButton FxTuneInertiaAsDampingCheck FxTuneSignCheck","",""
"TelemetryFfb_FxTuneInertiaAsDamping","src/TrueforceForAll.Plugin/SettingsControl.xaml","4055","FxTuneInertiaAsDampingCheck","Content","Inertia as damping","","FxTuneGainCaption FxTuneGainSlider FxTuneResetKindButton FxTuneInertiaCoastsCheck FxTuneSignCheck","","Off (default) renders inertia properly, from how fast the wheel is speeding up. On renders it from how fast the wheel is turning instead, which is how the wheel's own native inertia feels. For A/B against the firmware. The inertia gain means a different thing in each mode, so retune after switching."
"TelemetryFfb_FxTuneInertiaAsDamping_Tip","src/TrueforceForAll.Plugin/SettingsControl.xaml","4057","FxTuneInertiaAsDampingCheck","ToolTip","Off (default) renders inertia properly, from how fast the wheel is speeding up. On renders it from how fast the wheel is turning instead, which is how the wheel's own native inertia feels. For A/B against the firmware. The inertia gain means a different thing in each mode, so retune after switching.","","FxTuneGainCaption FxTuneGainSlider FxTuneResetKindButton FxTuneInertiaCoastsCheck FxTuneSignCheck","",""
"TelemetryFfb_FxTuneSign","src/TrueforceForAll.Plugin/SettingsControl.xaml","4058","FxTuneSignCheck","Content","Flip direction","","FxTuneGainCaption FxTuneGainSlider FxTuneResetKindButton FxTuneInertiaCoastsCheck FxTuneInertiaAsDampingCheck","","Flips the velocity-coupled effects (damper, friction, inertia) if the rendered damper feels like an anti-damper. Springs never flip."
"TelemetryFfb_FxTuneSign_Tip","src/TrueforceForAll.Plugin/SettingsControl.xaml","4060","FxTuneSignCheck","ToolTip","Flips the velocity-coupled effects (damper, friction, inertia) if the rendered damper feels like an anti-damper. Springs never flip.","","FxTuneGainCaption FxTuneGainSlider FxTuneResetKindButton FxTuneInertiaCoastsCheck FxTuneInertiaAsDampingCheck","",""
"TelemetryFfb_FxBenchSectionConditionFilter","src/TrueforceForAll.Plugin/SettingsControl.xaml","4063","FxBenchSection/Expander[1]/StackPanel[1]/StackPanel[4]/TextBlock[1]","Text","Condition filter:","","FxTuneLpfSlider FxAutoTuneRepeatCheck FxAutoTuneButton FxTuneSaveButton FxTuneResetAllButton","",""
"TelemetryFfb_FxTuneLpf_Tip","src/TrueforceForAll.Plugin/SettingsControl.xaml","4066","FxTuneLpfSlider","ToolTip","Low-pass on the PICKED condition's rendered output (anti-ringing). Per-effect, like the gain: each condition (damper, spring, friction, inertia) keeps its own, so drop the damper's below ~70 Hz to smooth a grainy damper without touching the rest. Follows the shared filter until you move it; Save tuning keeps it. 0 = off. Waveforms have no condition filter (greyed).","","FxAutoTuneRepeatCheck FxAutoTuneButton FxTuneSaveButton FxTuneResetAllButton","",""
"TelemetryFfb_FxAutoTuneRepeat_Tip","src/TrueforceForAll.Plugin/SettingsControl.xaml","4069","FxAutoTuneRepeatCheck","ToolTip","Run the calibration five times from the SAME starting gains and take the median, reporting the spread. More samples tighten the median: the noisier a measurement is, the more it needs them. Successive single runs are not independent (each measures a correction relative to the gains it starts from), so this is the way to tell a repeatable measurement from a noisy one. Takes about five times as long.","","FxTuneLpfSlider FxAutoTuneButton FxTuneSaveButton FxTuneResetAllButton","",""
"TelemetryFfb_FxAutoTune","src/TrueforceForAll.Plugin/SettingsControl.xaml","4070","FxAutoTuneButton","Content","Auto-tune…","","FxTuneLpfSlider FxAutoTuneRepeatCheck FxTuneSaveButton FxTuneResetAllButton","","Hands-free calibration (about a minute, hands OFF the wheel): bounded self-pulses measure the wheel's native damper, spring and friction against the plugin's renderer and set the gains to match; also measures the real native-vs-stream force scale. Verify by feel afterwards, then Save. Stop cancels."
"TelemetryFfb_FxAutoTune_Tip","src/TrueforceForAll.Plugin/SettingsControl.xaml","4071","FxAutoTuneButton","ToolTip","Hands-free calibration (about a minute, hands OFF the wheel): bounded self-pulses measure the wheel's native damper, spring and friction against the plugin's renderer and set the gains to match; also measures the real native-vs-stream force scale. Verify by feel afterwards, then Save. Stop cancels.","","FxTuneLpfSlider FxAutoTuneRepeatCheck FxTuneSaveButton FxTuneResetAllButton","",""
"TelemetryFfb_FxTuneSave","src/TrueforceForAll.Plugin/SettingsControl.xaml","4072","FxTuneSaveButton","Content","Save tuning","","FxTuneLpfSlider FxAutoTuneRepeatCheck FxAutoTuneButton FxTuneResetAllButton","","Persists every effect's gain plus direction and filter as the defaults for every session (auto-tune and DAMPCAL update gains too; save afterwards to keep them)."
"TelemetryFfb_FxTuneSave_Tip","src/TrueforceForAll.Plugin/SettingsControl.xaml","4073","FxTuneSaveButton","ToolTip","Persists every effect's gain plus direction and filter as the defaults for every session (auto-tune and DAMPCAL update gains too; save afterwards to keep them).","","FxTuneLpfSlider FxAutoTuneRepeatCheck FxAutoTuneButton FxTuneResetAllButton","",""
"TelemetryFfb_FxTuneResetAll","src/TrueforceForAll.Plugin/SettingsControl.xaml","4074","FxTuneResetAllButton","Content","Reset all","","FxTuneLpfSlider FxAutoTuneRepeatCheck FxAutoTuneButton FxTuneSaveButton","","Puts every effect's gain, the direction and the filter back to shipped defaults. Live only: Save afterwards to keep it, or reopen SimHub to get your saved tuning back."
"TelemetryFfb_FxTuneResetAll_Tip","src/TrueforceForAll.Plugin/SettingsControl.xaml","4075","FxTuneResetAllButton","ToolTip","Puts every effect's gain, the direction and the filter back to shipped defaults. Live only: Save afterwards to keep it, or reopen SimHub to get your saved tuning back.","","FxTuneLpfSlider FxAutoTuneRepeatCheck FxAutoTuneButton FxTuneSaveButton","",""
